Date,Last Price
11/13/2025,172.765
11/12/2025,174.96
11/11/2025,174.75
11/10/2025,178.075
11/7/2025,182.75
11/6/2025,188.01
11/5/2025,187.9
11/4/2025,180.945
11/3/2025,177.74
10/31/2025,178.09
10/30/2025,177.7
10/29/2025,177.98
10/28/2025,172.67
10/27/2025,178.05
10/24/2025,182.885
10/23/2025,188.085
10/22/2025,182.99
10/21/2025,182.965
10/20/2025,188.055
10/17/2025,188.07
10/16/2025,192.75
10/15/2025,198.13
10/14/2025,207.77
10/13/2025,207.935
10/10/2025,192.915
10/9/2025,194.94
10/8/2025,192.87
10/7/2025,194.86
10/6/2025,197.97
10/3/2025,198.075
10/2/2025,194.865
10/1/2025,198.05
9/30/2025,192.98
9/29/2025,196.265
9/26/2025,198.16
9/25/2025,190.16
9/24/2025,186.225
9/23/2025,190.555
9/22/2025,191.965
9/19/2025,179.905
9/18/2025,183.01
9/17/2025,175.91
9/16/2025,172.74
9/15/2025,170.895
9/12/2025,174.93
9/11/2025,177.855
9/10/2025,178
9/9/2025,172.75
9/8/2025,172.995
9/5/2025,174.87
9/4/2025,177.77
9/3/2025,179.93
9/2/2025,171.665
9/1/2025,171.89
8/29/2025,169.845
8/28/2025,169.74
8/27/2025,168.81
8/26/2025,171.785
8/25/2025,169.985
8/22/2025,181.905
8/21/2025,181.97
8/20/2025,175.085
8/19/2025,172.785
8/18/2025,174.955
8/15/2025,169.805
8/14/2025,164.705
8/13/2025,172.75
8/12/2025,189.925
8/11/2025,189.935
8/8/2025,191.335
8/7/2025,194.965
8/6/2025,200.005
8/5/2025,194.725
8/4/2025,203.01
8/1/2025,189.985
7/31/2025,188.005
7/30/2025,187.94
7/29/2025,182.86
7/28/2025,183.025
7/25/2025,183.265
7/24/2025,177.855
7/23/2025,180.915
7/22/2025,177.905
7/21/2025,183.125
7/18/2025,182.92
7/17/2025,189.945
7/16/2025,187.775
7/15/2025,177.895
7/14/2025,177.82
7/11/2025,204.325
7/10/2025,199.77
7/9/2025,189.78
7/8/2025,194.705
7/7/2025,189.895
7/4/2025,189.895
7/3/2025,187.835
7/2/2025,187.835
7/1/2025,192.86
6/30/2025,203.065
6/27/2025,208.97
6/26/2025,212.9
6/25/2025,217.915
6/24/2025,235.025
6/23/2025,237.855
6/20/2025,243.025
6/19/2025,243.005
6/18/2025,243.02
6/17/2025,222.675
6/16/2025,242.96
6/13/2025,233.105
6/12/2025,232.5
6/11/2025,213.075
6/10/2025,217.86
6/9/2025,222.915
6/6/2025,232.84
6/5/2025,227.945
6/4/2025,233.11
6/3/2025,238.075
6/2/2025,248.125
5/30/2025,248.155
5/29/2025,248.115
5/28/2025,248.08
5/27/2025,273.09
5/26/2025,273.085
5/23/2025,262.97
5/22/2025,267.915
5/21/2025,252.955
5/20/2025,247.99
5/19/2025,248.275
5/16/2025,253.19
5/15/2025,253.19
5/14/2025,253.24
5/13/2025,273.15
5/12/2025,303.175
5/9/2025,288.115
5/8/2025,303.17
5/7/2025,308
5/6/2025,303.15
5/5/2025,308.095
5/2/2025,322.925
5/1/2025,322.945
4/30/2025,288.26
4/29/2025,298.055
4/28/2025,293.07
4/25/2025,298.2
4/24/2025,307.98
4/23/2025,327.82
4/22/2025,332.92
4/21/2025,318.115
4/18/2025,318.18
4/17/2025,333.02
4/16/2025,327.945
4/15/2025,342.94
4/14/2025,342.925
4/11/2025,367.425
4/10/2025,322.42
4/9/2025,436.505
4/8/2025,441.195
4/7/2025,431.605
4/4/2025,377.51
4/3/2025,278.045
4/2/2025,287.775
4/1/2025,277.62
3/31/2025,272.93
3/28/2025,244.77
3/27/2025,233.43
3/26/2025,223.275
3/25/2025,223.28
3/24/2025,253.27
3/21/2025,261.76
3/20/2025,254.07
3/19/2025,243.1
3/18/2025,228.24
3/17/2025,233.385
3/14/2025,268.26
3/13/2025,248.15
3/12/2025,263.335
3/11/2025,253.255
3/10/2025,200.19
3/7/2025,190.07
3/6/2025,179.89
3/5/2025,188.125
3/4/2025,166.465
3/3/2025,159.365
2/28/2025,159.355
2/27/2025,148.945
2/26/2025,154.035
2/25/2025,146.97
2/24/2025,159.435
2/21/2025,139.23
2/20/2025,139.955
2/19/2025,147.175
2/18/2025,143.955
2/17/2025,144.02
2/14/2025,148.955
2/13/2025,151.18
2/12/2025,146.055
2/11/2025,144.14
2/10/2025,145.38
2/7/2025,145.53
2/6/2025,145.32
2/5/2025,147.58
2/4/2025,152.275
2/3/2025,152.28
1/31/2025,149.41
1/30/2025,156.84
1/29/2025,154.15
1/28/2025,154.205
1/27/2025,155.275
1/24/2025,160.585
1/23/2025,172.315
1/22/2025,172.25
1/21/2025,174.155
1/20/2025,174.51
1/17/2025,174.235
1/16/2025,170.24
1/15/2025,175.18
1/14/2025,182.18
1/13/2025,192.48
1/10/2025,187.39
1/9/2025,184.75
1/8/2025,177.28
1/7/2025,182.525
1/6/2025,187.37
1/3/2025,187.43
1/2/2025,187.505
1/1/2025,187.85
12/31/2024,187.76
12/30/2024,187.82
12/27/2024,192.94
12/26/2024,192.695
12/25/2024,192.855
12/24/2024,192.785
12/23/2024,187.795
12/20/2024,198
12/19/2024,198.16
12/18/2024,187.81
12/17/2024,182.73
12/16/2024,184.79
12/13/2024,179.97
12/12/2024,179.795
12/11/2024,179.995
12/10/2024,179.755
12/9/2024,167.84
12/6/2024,167.695
12/5/2024,172.59
12/4/2024,174.92
12/3/2024,174.785
12/2/2024,170.92
11/29/2024,173.155
11/28/2024,172.88
11/27/2024,177.8
11/26/2024,182.91
11/25/2024,187.84
11/22/2024,188.165
11/21/2024,187.565
11/20/2024,187.84
11/19/2024,193.015
11/18/2024,191.475
11/15/2024,190.475
11/14/2024,192.935
11/13/2024,203.43
11/12/2024,198.455
11/11/2024,198.205
11/8/2024,203.135
11/7/2024,212.87
11/6/2024,228.585
11/5/2024,233
11/4/2024,233.5
11/1/2024,238.085
10/31/2024,233.425
10/30/2024,244.91
10/29/2024,245.28
10/28/2024,250.44
10/25/2024,254.94
10/24/2024,258.28
10/23/2024,258.085
10/22/2024,258.38
10/21/2024,253.245
10/18/2024,254.93
10/17/2024,265.215
10/16/2024,288.23
10/15/2024,298.21
10/14/2024,298.215
10/11/2024,303.04
10/10/2024,298.15
10/9/2024,303.07
10/8/2024,304.52
10/7/2024,312.58
10/4/2024,322.97
10/3/2024,313.22
10/2/2024,303.05
10/1/2024,288.055
9/30/2024,285.065
9/27/2024,292.93
9/26/2024,309.875
9/25/2024,292.07
9/24/2024,318.32
9/23/2024,314.97
9/20/2024,312.96
9/19/2024,288.04
9/18/2024,293.145
9/17/2024,302.825
9/16/2024,312.905
9/13/2024,317.785
9/12/2024,342.675
9/11/2024,347.565
9/10/2024,342.485
9/9/2024,337.49
9/6/2024,342.65
9/5/2024,358.285
9/4/2024,367.29
9/3/2024,359.37
9/2/2024,359.315
8/30/2024,359.325
8/29/2024,357.185
8/28/2024,357.365
8/27/2024,362.32
8/26/2024,357.255
8/23/2024,372.48
8/22/2024,367.62
8/21/2024,372.275
8/20/2024,372.44
8/19/2024,377.26
8/16/2024,382.39
8/15/2024,402.06
8/14/2024,397.17
8/13/2024,402.22
8/12/2024,387.39
8/9/2024,382.4
8/8/2024,402.035
8/7/2024,412.135
8/6/2024,438.545
8/5/2024,402.42
8/2/2024,382.675
8/1/2024,360.955
7/31/2024,358.63
7/30/2024,361.95
7/29/2024,358.89
7/26/2024,365.945
7/25/2024,370.8
7/24/2024,348.145
7/23/2024,347.97
7/22/2024,352.69
7/19/2024,357.965
7/18/2024,319.035
7/17/2024,323.28
7/16/2024,321.915
7/15/2024,321.845
7/12/2024,321.5
7/11/2024,321.4
7/10/2024,323.355
7/9/2024,325.29
7/8/2024,324.13
7/5/2024,326.305
7/4/2024,326.33
7/3/2024,334.28
7/2/2024,346.075
7/1/2024,345.205
6/28/2024,351.02
6/27/2024,357.945
6/26/2024,354.78
6/25/2024,349.895
6/24/2024,350.8
6/21/2024,341.03
6/20/2024,331.23
6/19/2024,331.4
6/18/2024,335.295
6/17/2024,340.28
6/14/2024,318.305
6/13/2024,315.03
6/12/2024,321.41
6/11/2024,320.38
6/10/2024,327.295
6/7/2024,327.15
6/6/2024,327.295
6/5/2024,335.22
6/4/2024,333.16
6/3/2024,343.09
5/31/2024,347.885
5/30/2024,347.895
5/29/2024,330.13
5/28/2024,325.185
5/27/2024,325.275
5/24/2024,326.285
5/23/2024,322.045
5/22/2024,318.055
5/21/2024,311.21
5/20/2024,315.115
5/17/2024,311.54
5/16/2024,308.17
5/15/2024,313.415
5/14/2024,313.08
5/13/2024,310.33
5/10/2024,309.29
5/9/2024,309.135
5/8/2024,310.215
5/7/2024,308.25
5/6/2024,310.31
5/3/2024,320.08
5/2/2024,331.06
5/1/2024,338.04
4/30/2024,325.605
4/29/2024,333.145
4/26/2024,337.945
4/25/2024,335.465
4/24/2024,330.025
4/23/2024,339.855
4/22/2024,364.715
4/19/2024,374.5
4/18/2024,384.38
4/17/2024,402.115
4/16/2024,441.325
4/15/2024,441.35
4/12/2024,403.235
4/11/2024,407.13
4/10/2024,395.46
4/9/2024,404.22
4/8/2024,415.115
4/5/2024,416.99
4/4/2024,380.39
4/3/2024,380.575
4/2/2024,357.535
4/1/2024,355.72
3/29/2024,355.935
3/28/2024,354.945
3/27/2024,372.695
3/26/2024,374.43
3/25/2024,360.09
3/22/2024,362.44
3/21/2024,359.345
3/20/2024,378.61
3/19/2024,365.69
3/18/2024,360.81
3/15/2024,364.8
3/14/2024,358.875
3/13/2024,360.925
3/12/2024,349.965
3/11/2024,347.915
3/8/2024,341.04
3/7/2024,341.055
3/6/2024,350.015
3/5/2024,327.18
3/4/2024,325.175
3/1/2024,327.255
2/29/2024,333.15
2/28/2024,332.13
2/27/2024,336.04
2/26/2024,336.955
2/23/2024,341.055
2/22/2024,358.875
2/21/2024,352.955
2/20/2024,357.815
2/19/2024,358.03
2/16/2024,353.09
2/15/2024,374.76
2/14/2024,385.62
2/13/2024,379.69
2/12/2024,384.605
2/9/2024,402.4
2/8/2024,421.77
2/7/2024,434.22
2/6/2024,447.415
2/5/2024,448.875
2/2/2024,453.005
2/1/2024,455.475
1/31/2024,452.25
1/30/2024,447.045
1/29/2024,447.505
1/26/2024,453.33
1/25/2024,484.19
1/24/2024,484.43
1/23/2024,499.205
1/22/2024,518.89
1/19/2024,517.165
1/18/2024,537.61
1/17/2024,523.25
1/16/2024,514.925
1/15/2024,511.65
1/12/2024,479.825
1/11/2024,483.08
1/10/2024,489.295
1/9/2024,492.59
1/8/2024,502.68
1/5/2024,511.01
1/4/2024,511.165
1/3/2024,490.695
1/2/2024,478.835
1/1/2024,499.015
12/29/2023,475.755
12/28/2023,476.08
12/27/2023,476.875
12/26/2023,475.84
12/25/2023,476.905
12/22/2023,480.615
12/21/2023,489.47
12/20/2023,483.365
12/19/2023,488.91
12/18/2023,493.945
12/15/2023,492.255
12/14/2023,516.33
12/13/2023,529.82
12/12/2023,526.62
12/11/2023,529.8
12/8/2023,527.915
12/7/2023,539.21
12/6/2023,544.38
12/5/2023,543.855
12/4/2023,540.33
12/1/2023,540.455
11/30/2023,534.375
11/29/2023,540.745
11/28/2023,534.29
11/27/2023,536.13
11/24/2023,644.2
11/23/2023,638.75
11/22/2023,648.48
11/21/2023,664.775
11/20/2023,646.54
11/17/2023,650.42
11/16/2023,650.17
11/15/2023,653.01
11/14/2023,672.49
11/13/2023,676.31
11/10/2023,677.695
11/9/2023,673.13
11/8/2023,677.715
11/7/2023,679.55
11/6/2023,670.07
11/3/2023,688.87
11/2/2023,706.605
11/1/2023,708.005
10/31/2023,715.09
10/30/2023,716.775
10/27/2023,714.855
10/26/2023,711.215
10/25/2023,713.08
10/24/2023,716.555
10/23/2023,711.795
10/20/2023,688.24
10/19/2023,660.27
10/18/2023,625.795
10/17/2023,611.595
10/16/2023,608.435
10/13/2023,600.265
10/12/2023,585.79
10/11/2023,597.045
10/10/2023,604.38
10/9/2023,604.25
10/6/2023,620.01
10/5/2023,627.48
10/4/2023,628.135
10/3/2023,616.345
10/2/2023,615.34
9/29/2023,623.215
9/28/2023,627.71
9/27/2023,627.175
9/26/2023,620.265
9/25/2023,611.785
9/22/2023,610.46
9/21/2023,604.16
9/20/2023,589.21
9/19/2023,561.76
9/18/2023,557.56
9/15/2023,557.66
9/14/2023,549.775
9/13/2023,542.585
9/12/2023,539.755
9/11/2023,540.88
9/8/2023,537.06
9/7/2023,536.015
9/6/2023,528.015
9/5/2023,563.24
9/4/2023,516.8
9/1/2023,514.125
8/31/2023,515.22
8/30/2023,518.775
8/29/2023,524.555
8/28/2023,528.24
8/25/2023,526.165
8/24/2023,521.53
8/23/2023,527.48
8/22/2023,523.93
8/21/2023,520.525
8/18/2023,511.935
8/17/2023,505.825
8/16/2023,501.71
8/15/2023,498.63
8/14/2023,498.79
8/11/2023,498.1
8/10/2023,494.68
8/9/2023,498.485
8/8/2023,498.27
8/7/2023,509.035
8/4/2023,501.85
8/3/2023,494.875
8/2/2023,481.085
8/1/2023,467.895
7/31/2023,474.05
7/28/2023,472.52
7/27/2023,472.19
7/26/2023,465.53
7/25/2023,460.16
7/24/2023,461.895
7/21/2023,463.41
7/20/2023,463.33
7/19/2023,463.4
7/18/2023,458.625
7/17/2023,457.41
7/14/2023,499.04
7/13/2023,511.12
7/12/2023,512.3
7/11/2023,517.14
7/10/2023,518.96
7/7/2023,519.17
7/6/2023,519.035
7/5/2023,522.26
7/4/2023,519.03
7/3/2023,519.015
6/30/2023,520.13
6/29/2023,526.215
6/28/2023,525.63
6/27/2023,534.675
6/26/2023,533.6
6/23/2023,526.21
6/22/2023,530.625
6/21/2023,524.48
6/20/2023,533.31
6/19/2023,524.42
6/16/2023,524.42
6/15/2023,529.335
6/14/2023,530.49
6/13/2023,545.6
6/12/2023,549.38
6/9/2023,556
6/8/2023,559.665
6/7/2023,560.995
6/6/2023,568.59
6/5/2023,561.29
6/2/2023,572.63
6/1/2023,580.11
5/31/2023,595.91
5/30/2023,667.71
5/29/2023,608.635
5/26/2023,617.06
5/25/2023,630.09
5/24/2023,604.695
5/23/2023,608.535
5/22/2023,613.075
5/19/2023,616.51
5/18/2023,615.66
5/17/2023,647.345
5/16/2023,642.665
5/15/2023,650.055
5/12/2023,651.435
5/11/2023,633.955
5/10/2023,635.975
5/9/2023,633.63
5/8/2023,651.735
5/5/2023,668.52
5/4/2023,655.375
5/3/2023,670.615
5/2/2023,660.005
5/1/2023,670.165
4/28/2023,683.83
4/27/2023,708.995
4/26/2023,703.65
4/25/2023,679.855
4/24/2023,676.58
4/21/2023,675.19
4/20/2023,651.38
4/19/2023,677.01
4/18/2023,687.89
4/17/2023,698.54
4/14/2023,699.345
4/13/2023,728.805
4/12/2023,702
4/11/2023,725.155
4/10/2023,808.44
4/7/2023,736.425
4/6/2023,755.66
4/5/2023,706.805
4/4/2023,666.555
4/3/2023,642.68
3/31/2023,673.095
3/30/2023,702.54
3/29/2023,745.005
3/28/2023,704.42
3/27/2023,702.52
3/24/2023,688.685
3/23/2023,657.65
3/22/2023,652.665
3/21/2023,640.305
3/20/2023,658.215
3/17/2023,639.36
3/16/2023,648.865
3/15/2023,595.76
3/14/2023,592.255
3/13/2023,542.235
3/10/2023,518.385
3/9/2023,494.49
3/8/2023,488.37
3/7/2023,500.545
3/6/2023,511.825
3/3/2023,523.355
3/2/2023,523.05
3/1/2023,530.705
2/28/2023,531.43
2/27/2023,545.88
2/24/2023,539.1
2/23/2023,563.3
2/22/2023,567.64
2/21/2023,600.325
2/20/2023,550.93
2/17/2023,551.48
2/16/2023,544.855
2/15/2023,546.335
2/14/2023,547.635
2/13/2023,547.675
2/10/2023,541.23
2/9/2023,535.28
2/8/2023,528.345
2/7/2023,531.305
2/6/2023,521.595
2/3/2023,514.59
2/2/2023,542.72
2/1/2023,551.105
1/31/2023,561.065
1/30/2023,551.165
1/27/2023,551.435
1/26/2023,559.785
1/25/2023,562.255
1/24/2023,556.685
1/23/2023,565.685
1/20/2023,576.445
1/19/2023,561.45
1/18/2023,569.015
1/17/2023,646.435
1/16/2023,599.335
1/13/2023,611.43
1/12/2023,634.595
1/11/2023,644.555
1/10/2023,646.44
1/9/2023,663.89
1/6/2023,676.18
1/5/2023,688.345
1/4/2023,697.695
1/3/2023,666.68
1/2/2023,700.465
12/30/2022,700.49
12/29/2022,700.115
12/28/2022,695.87
12/27/2022,666.49
12/26/2022,692.66
12/23/2022,691.225
12/22/2022,659.175
12/21/2022,663.955
12/20/2022,659.045
12/19/2022,658.155
12/16/2022,648.365
12/15/2022,627.82
12/14/2022,631.515
12/13/2022,624.735
12/12/2022,624.27
12/9/2022,628.25
12/8/2022,622.16
12/7/2022,615.39
12/6/2022,612.46
12/5/2022,606.06
12/2/2022,605.265
12/1/2022,609.515
11/30/2022,610.75
11/29/2022,609.24
11/28/2022,605.5
11/25/2022,601.85
11/24/2022,608.89
11/23/2022,612.79
11/22/2022,612.745
11/21/2022,616.145
11/18/2022,617.24
11/17/2022,614.75
11/16/2022,604.22
11/15/2022,611.595
11/14/2022,615.405
11/11/2022,615.475
11/10/2022,635.725
11/9/2022,622.29
11/8/2022,621.355
11/7/2022,634.18
11/4/2022,632.255
11/3/2022,628.17
11/2/2022,625.575
11/1/2022,630.295
10/31/2022,639.88
10/28/2022,645.515
10/27/2022,657.705
10/26/2022,660.045
10/25/2022,663.84
10/24/2022,688.77
10/21/2022,679.22
10/20/2022,663.295
10/19/2022,666.315
10/18/2022,709.855
10/17/2022,750.955
10/14/2022,762.21
10/13/2022,810.575
10/12/2022,819.86
10/11/2022,810.275
10/10/2022,810.09
10/7/2022,840.955
10/6/2022,783.06
10/5/2022,824.465
10/4/2022,899.115
10/3/2022,854.38
9/30/2022,934.56
9/29/2022,903.755
9/28/2022,918.89
9/27/2022,971.205
9/26/2022,980.11
9/23/2022,946.985
9/22/2022,866.755
9/21/2022,833.485
9/20/2022,809.685
9/19/2022,761.72
9/16/2022,735.965
9/15/2022,741.77
9/14/2022,736.5
9/13/2022,688.175
9/12/2022,695.32
9/9/2022,741.045
9/8/2022,768.59
9/7/2022,845.365
9/6/2022,857.335
9/5/2022,852.075
9/2/2022,853.29
9/1/2022,849.21
8/31/2022,846.325
8/30/2022,834.945
8/29/2022,827.7
8/26/2022,804.51
8/25/2022,823.48
8/24/2022,830.905
8/23/2022,838.12
8/22/2022,778.925
8/19/2022,759.55
8/18/2022,754.11
8/17/2022,727.86
8/16/2022,727.795
8/15/2022,746.405
8/12/2022,749.315
8/11/2022,737.465
8/10/2022,778.52
8/9/2022,731.22
8/8/2022,746.17
8/5/2022,752.595
8/4/2022,776.425
8/3/2022,821.375
8/2/2022,819.6
8/1/2022,821.98
7/29/2022,828.655
7/28/2022,846.75
7/27/2022,868.04
7/26/2022,819.575
7/25/2022,805.56
7/22/2022,792.645
7/21/2022,759.26
7/20/2022,752.025
7/19/2022,801.945
7/18/2022,826.12
7/15/2022,834.715
7/14/2022,814.815
7/13/2022,794.345
7/12/2022,816.94
7/11/2022,808.74
7/8/2022,816.94
7/7/2022,885.47
7/6/2022,903.975
7/5/2022,966.995
7/4/2022,1005.42
7/1/2022,1006.31
6/30/2022,981.245
6/29/2022,917.525
6/28/2022,903.65
6/27/2022,851.025
6/24/2022,863.445
6/23/2022,847.615
6/22/2022,856.745
6/21/2022,889.7
6/20/2022,906.58
6/17/2022,936.735
6/16/2022,862.065
6/15/2022,924.595
6/14/2022,822.835
6/13/2022,838.215
6/10/2022,729.94
6/9/2022,704.11
6/8/2022,681.8
6/7/2022,683.255
6/6/2022,684.665
6/3/2022,646.235
6/2/2022,654.6
6/1/2022,642.46
5/31/2022,638.92
5/30/2022,638.795
5/27/2022,641.58
5/26/2022,709.91
5/25/2022,751.505
5/24/2022,710.75
5/23/2022,710.42
5/20/2022,689.715
5/19/2022,693.48
5/18/2022,648.425
5/17/2022,699.665
5/16/2022,717.375
5/13/2022,735.14
5/12/2022,699.885
5/11/2022,687.785
5/10/2022,716.06
5/9/2022,656.115
5/6/2022,610.575
5/5/2022,582.395
5/4/2022,600.045
5/3/2022,611.54
5/2/2022,612.525
4/29/2022,591.275
4/28/2022,591.205
4/27/2022,597.88
4/26/2022,576.91
4/25/2022,588.355
4/22/2022,566.025
4/21/2022,613.605
4/20/2022,633.245
4/19/2022,649.99
4/18/2022,614.575
4/15/2022,612.905
4/14/2022,619.135
4/13/2022,675.545
4/12/2022,684.72
4/11/2022,682.55
4/8/2022,683.825
4/7/2022,674.015
4/6/2022,640.555
4/5/2022,618.775
4/4/2022,621.715
4/1/2022,622.31
3/31/2022,617.705
3/30/2022,592.16
3/29/2022,559.365
3/28/2022,629.715
3/25/2022,654.255
3/24/2022,669.995
3/23/2022,691.195
3/22/2022,664.875
3/21/2022,684.07
3/18/2022,630.465
3/17/2022,636.96
3/16/2022,686.745
3/15/2022,782.095
3/14/2022,719.25
3/11/2022,682.99
3/10/2022,653.925
3/9/2022,749.21
3/8/2022,577.06
3/7/2022,570.73
3/4/2022,529.41
3/3/2022,518.73
3/2/2022,509.93
3/1/2022,471.79
2/28/2022,466.82
2/25/2022,485.425
2/24/2022,474.215
2/23/2022,464.395
2/22/2022,468.57
2/21/2022,467.365
2/18/2022,462.505
2/17/2022,452.255
2/16/2022,452.11
2/15/2022,473.25
2/14/2022,458.67
2/11/2022,440.82
2/10/2022,431.49
2/9/2022,443.26
2/8/2022,452.09
2/7/2022,456.975
2/4/2022,451.095
2/3/2022,458.53
2/2/2022,459.455
2/1/2022,476.74
1/31/2022,480.185
1/28/2022,463.425
1/27/2022,458.535
1/26/2022,451.115
1/25/2022,451.175
1/24/2022,444.335
1/21/2022,424.44
1/20/2022,417.5
1/19/2022,405.76
1/18/2022,390.25
1/17/2022,394.84
1/14/2022,392.115
1/13/2022,397.11
1/12/2022,399.3
1/11/2022,398.31
1/10/2022,394.38
1/7/2022,403.72
1/6/2022,405.245
1/5/2022,399.755
1/4/2022,403.715
1/3/2022,417.73
12/31/2021,417.705
12/30/2021,419.675
12/29/2021,419.66
12/28/2021,420.155
12/27/2021,413.125
12/24/2021,417.685
12/23/2021,429.04
12/22/2021,441.28
12/21/2021,455.145
12/20/2021,450.205
12/17/2021,451.23
12/16/2021,434.975
12/15/2021,436.425
12/14/2021,430.105
12/13/2021,413.275
12/10/2021,413.265
12/9/2021,410.77
12/8/2021,417.15
12/7/2021,434.245
12/6/2021,453.815
12/3/2021,446.03
12/2/2021,446.865
12/1/2021,441.13
11/30/2021,438.795
11/29/2021,437.965
11/26/2021,396.275
11/25/2021,396.86
11/24/2021,396.835
11/23/2021,394.39
11/22/2021,394.58
11/19/2021,386.175
11/18/2021,380.78
11/17/2021,376.78
11/16/2021,372.285
11/15/2021,374.145
11/12/2021,375.725
11/11/2021,375.675
11/10/2021,371.35
11/9/2021,373.745
11/8/2021,395.48
11/5/2021,409.435
11/4/2021,414.77
11/3/2021,423.675
11/2/2021,428.535
11/1/2021,429.11
10/29/2021,430.57
10/28/2021,430.665
10/27/2021,428.15
10/26/2021,427.175
10/25/2021,426.17
10/22/2021,422.205
10/21/2021,419.31
10/20/2021,421.765
10/19/2021,424.15
10/18/2021,433.945
10/15/2021,443.855
10/14/2021,445.36
10/13/2021,440.455
10/12/2021,440.505
10/11/2021,440.48
10/8/2021,438.945
10/7/2021,438.29
10/6/2021,434.34
10/5/2021,437.76
10/4/2021,436.56
10/1/2021,442.94
9/30/2021,436.065
9/29/2021,433.59
9/28/2021,422.65
9/27/2021,418.47
9/24/2021,430.115
9/23/2021,431.88
9/22/2021,446.245
9/21/2021,454.64
9/20/2021,458.61
9/17/2021,413.92
9/16/2021,414.435
9/15/2021,416.895
9/14/2021,414.9
9/13/2021,412.975
9/10/2021,414.38
9/9/2021,419.73
9/8/2021,419.725
9/7/2021,416.19
9/6/2021,421.225
9/3/2021,421.2
9/2/2021,423.67
9/1/2021,430.05
8/31/2021,434.95
8/30/2021,435.93
8/27/2021,441.81
8/26/2021,442.775
8/25/2021,449.635
8/24/2021,461.93
8/23/2021,466.87
8/20/2021,463.465
8/19/2021,457.55
8/18/2021,454.595
8/17/2021,449.73
8/16/2021,445.79
8/13/2021,444.275
8/12/2021,438.38
8/11/2021,436.405
8/10/2021,439.365
8/9/2021,434.425
8/6/2021,437.335
8/5/2021,458.555
8/4/2021,427.715
8/3/2021,413.405
8/2/2021,407.48
7/30/2021,408.425
7/29/2021,410.845
7/28/2021,410.02
7/27/2021,408.555
7/26/2021,421.85
7/23/2021,426.74
7/22/2021,434.14
7/21/2021,446.48
7/20/2021,417.045
7/19/2021,392.375
7/16/2021,392.34
7/15/2021,376.04
7/14/2021,372.49
7/13/2021,362.9
7/12/2021,362.01
7/9/2021,366
7/8/2021,358.14
7/7/2021,360.115
7/6/2021,354.7
7/5/2021,357.02
7/2/2021,358.485
7/1/2021,361.505
6/30/2021,360.975
6/29/2021,357.27
6/28/2021,353.75
6/25/2021,352.325
6/24/2021,356.275
6/23/2021,356.87
6/22/2021,358.325
6/21/2021,355.21
6/18/2021,340.375
6/17/2021,340.29
6/16/2021,340.41
6/15/2021,336.48
6/14/2021,336.505
6/11/2021,339.545
6/10/2021,344.715
6/9/2021,346.895
6/8/2021,352.51
6/7/2021,357.405
6/4/2021,361.06
6/3/2021,359.185
6/2/2021,363.44
6/1/2021,367.31
5/31/2021,368.48
5/28/2021,363.075
5/27/2021,366.235
5/26/2021,372.19
5/25/2021,382.745
5/24/2021,382.525
5/21/2021,384.88
5/20/2021,389.385
5/19/2021,383.57
5/18/2021,394.775
5/17/2021,404.195
5/14/2021,410.56
5/13/2021,414.36
5/12/2021,404.61
5/11/2021,393.345
5/10/2021,399.76
5/7/2021,405.615
5/6/2021,405.145
5/5/2021,407.595
5/4/2021,404.64
5/3/2021,408.08
4/30/2021,408.065
4/29/2021,410.465
4/28/2021,412.425
4/27/2021,410.46
4/26/2021,410.445
4/23/2021,414.85
4/22/2021,412.885
4/21/2021,412.485
4/20/2021,408.06
4/19/2021,400.745
4/16/2021,400.735
4/15/2021,421.64
4/14/2021,423.925
4/13/2021,426.435
4/12/2021,413.765
4/9/2021,419.56
4/8/2021,421.025
4/7/2021,427.4
4/6/2021,432.22
4/5/2021,456.105
4/2/2021,441.995
4/1/2021,438.555
3/31/2021,438.57
3/30/2021,437.225
3/29/2021,435.83
3/26/2021,431.025
3/25/2021,424.485
3/24/2021,413.42
3/23/2021,411.29
3/22/2021,411.37
3/19/2021,403.03
3/18/2021,398.115
3/17/2021,398.115
3/16/2021,395.59
3/15/2021,398.055
3/12/2021,399.025
3/11/2021,405.41
3/10/2021,407.855
3/9/2021,415.17
3/8/2021,405.38
3/5/2021,397.955
3/4/2021,383.155
3/3/2021,388.135
3/2/2021,395.215
3/1/2021,427.945
2/26/2021,470.07
2/25/2021,462.85
2/24/2021,480.22
2/23/2021,487.375
2/22/2021,505.61
2/19/2021,508.645
2/18/2021,551.96
2/17/2021,557.875
2/16/2021,603.98
2/15/2021,557.725
2/12/2021,557.685
2/11/2021,563.645
2/10/2021,563.63
2/9/2021,575.75
2/8/2021,594.07
2/5/2021,600.33
2/4/2021,600.31
2/3/2021,600.265
2/2/2021,603.315
2/1/2021,603.25
1/29/2021,603.235
1/28/2021,603.18
1/27/2021,603.465
1/26/2021,600.22
1/25/2021,600.42
1/22/2021,600.09
1/21/2021,600.29
1/20/2021,600.225
1/19/2021,602.855
1/18/2021,599.675
1/15/2021,599.69
1/14/2021,599.67
1/13/2021,599.51
1/12/2021,602.555
1/11/2021,602.25
1/8/2021,599.07
1/7/2021,605.56
1/6/2021,602.12
1/5/2021,587.96
1/4/2021,554.325
1/1/2021,568.595
12/31/2020,571.5
12/30/2020,577.68
12/29/2020,586.8
12/28/2020,597.67
12/25/2020,596.255
12/24/2020,596.24
12/23/2020,595.97
12/22/2020,565.21
12/21/2020,538.945
12/18/2020,524.945
12/17/2020,523.33
12/16/2020,515.89
12/15/2020,515.79
12/14/2020,515.685
12/11/2020,508.44
12/10/2020,514.25
12/9/2020,523.06
12/8/2020,529.175
12/7/2020,532.1
12/4/2020,580.31
12/3/2020,598.765
12/2/2020,605.215
12/1/2020,610.945
11/30/2020,625.71
11/27/2020,531.86
11/26/2020,532.79
11/25/2020,531.59
11/24/2020,535.485
11/23/2020,564.44
11/20/2020,574.27
11/19/2020,579.37
11/18/2020,591.98
11/17/2020,631.29
11/16/2020,628.18
11/13/2020,642.43
11/12/2020,679.81
11/11/2020,679.06
11/10/2020,680.415
11/9/2020,696.77
11/6/2020,887.72
11/5/2020,868.93
11/4/2020,906.56
11/3/2020,935.815
11/2/2020,947.67
10/30/2020,937.6
10/29/2020,937.575
10/28/2020,949.6
10/27/2020,865.265
10/26/2020,837.82
10/23/2020,827.495
10/22/2020,827.715
10/21/2020,840.945
10/20/2020,828.215
10/19/2020,839.555
10/16/2020,793.375
10/15/2020,789.35
10/14/2020,792.365
10/13/2020,769.44
10/12/2020,779.395
10/9/2020,776.02
10/8/2020,770.34
10/7/2020,777.3
10/6/2020,799.08
10/5/2020,780.39
10/2/2020,809.74
10/1/2020,830.325
9/30/2020,837.28
9/29/2020,820.865
9/28/2020,829.77
9/25/2020,855.795
9/24/2020,848.75
9/23/2020,842.17
9/22/2020,798.34
9/21/2020,797.755
9/18/2020,740.89
9/17/2020,738.165
9/16/2020,764.98
9/15/2020,763.84
9/14/2020,764.48
9/11/2020,783.76
9/10/2020,775.36
9/9/2020,766.025
9/8/2020,772.24
9/7/2020,777.295
9/4/2020,774.495
9/3/2020,790.245
9/2/2020,746.25
9/1/2020,774.47
8/31/2020,792.755
8/28/2020,792.64
8/27/2020,814.915
8/26/2020,835.26
8/25/2020,832.27
8/24/2020,836.78
8/21/2020,837.61
8/20/2020,840.695
8/19/2020,828.855
8/18/2020,837.51
8/17/2020,825.555
8/14/2020,801.09
8/13/2020,801.715
8/12/2020,808.765
8/11/2020,816.29
8/10/2020,847.48
8/7/2020,859.42
8/6/2020,872.44
8/5/2020,853.895
8/4/2020,914.975
8/3/2020,931.945
7/31/2020,916.535
7/30/2020,937.89
7/29/2020,922.57
7/28/2020,943.685
7/27/2020,925.675
7/24/2020,952.245
7/23/2020,923.65
7/22/2020,1019.565
7/21/2020,999.825
7/20/2020,1048.055
7/17/2020,1070.4
7/16/2020,1071.28
7/15/2020,1061.355
7/14/2020,1135.625
7/13/2020,1113.49
7/10/2020,1107.6
7/9/2020,1084.335
7/8/2020,1071.755
7/7/2020,976.755
7/6/2020,939.955
7/3/2020,947.4
7/2/2020,951.345
7/1/2020,978.275
6/30/2020,996.43
6/29/2020,1004.495
6/26/2020,987.325
6/25/2020,976.09
6/24/2020,914.925
6/23/2020,898.975
6/22/2020,878.23
6/19/2020,860.2
6/18/2020,837.06
6/17/2020,845.045
6/16/2020,873.835
6/15/2020,941.39
6/12/2020,999.85
6/11/2020,1046.39
6/10/2020,863.5
6/9/2020,815.705
6/8/2020,783.03
6/5/2020,874.415
6/4/2020,997.775
6/3/2020,1108.265
6/2/2020,1233.95
6/1/2020,1245.94
5/29/2020,1329.865
5/28/2020,1278.635
5/27/2020,1227.69
5/26/2020,1296.29
5/25/2020,1442.815
5/22/2020,1435.63
5/21/2020,1496.505
5/20/2020,1610.865
5/19/2020,1996.88
5/18/2020,2451.255
5/15/2020,2796.06
5/14/2020,3107.6
5/13/2020,2478.415
5/12/2020,2041.925
5/11/2020,2009.665
5/8/2020,1944.59
5/7/2020,2012.415
5/6/2020,1962.205
5/5/2020,1661.4
5/4/2020,1515.575
5/1/2020,1347.135
4/30/2020,1243.96
4/29/2020,1158.5
4/28/2020,1257.66
4/27/2020,1265.42
4/24/2020,1177.13
4/23/2020,1071.92
4/22/2020,1010.8
4/21/2020,1028.425
4/20/2020,986.195
4/17/2020,890.05
4/16/2020,927.23
4/15/2020,896.225
4/14/2020,871.325
4/13/2020,915.025
4/10/2020,867.08
4/9/2020,870.55
4/8/2020,1124.145
4/7/2020,1103.725
4/6/2020,1082.87
4/3/2020,1054.22
4/2/2020,919.29
4/1/2020,876.235
3/31/2020,759.01
3/30/2020,726.445
3/27/2020,746.985
3/26/2020,816.025
3/25/2020,842
3/24/2020,1060.825
3/23/2020,1070.46
3/20/2020,1009.05
3/19/2020,1060.235
3/18/2020,1089.06
3/17/2020,863.065
3/16/2020,838.68
3/13/2020,755.17
3/12/2020,830.325
3/11/2020,695.175
3/10/2020,626.17
3/9/2020,799.35
3/6/2020,658.71
3/5/2020,491.28
3/4/2020,368.855
3/3/2020,398.58
3/2/2020,397.215
2/28/2020,348.815
2/27/2020,310.845
2/26/2020,237.23
2/25/2020,179.095
2/24/2020,148.855
2/21/2020,118.385
2/20/2020,115.255
2/19/2020,114.315
2/18/2020,119.615
2/17/2020,118.01
2/14/2020,118.555
2/13/2020,118.635
2/12/2020,114.755
2/11/2020,122.05
2/10/2020,125.045
2/7/2020,125.51
2/6/2020,121.98
2/5/2020,120.365
2/4/2020,131.87
2/3/2020,147.405
1/31/2020,151.95
1/30/2020,153.215
1/29/2020,144.695
1/28/2020,148.015
1/27/2020,148.15
1/24/2020,128.4
1/23/2020,102.03
1/22/2020,99.165
1/21/2020,96.095
1/20/2020,95.6
1/17/2020,95.78
1/16/2020,95.535
1/15/2020,96.995
1/14/2020,98.085
1/13/2020,96.815
1/10/2020,91.98
1/9/2020,94.76
1/8/2020,102.58
1/7/2020,102.45
1/6/2020,103.135
1/3/2020,102.145
1/2/2020,96.605
1/1/2020,98.085
12/31/2019,98.305
12/30/2019,97.68
12/27/2019,97.68
12/26/2019,97.64
12/25/2019,102.825
12/24/2019,102.625
12/23/2019,102.825
12/20/2019,102.29
12/19/2019,101.88
12/18/2019,102.095
12/17/2019,101.865
12/16/2019,102.125
12/13/2019,101.61
12/12/2019,102.91
12/11/2019,103.305
12/10/2019,103.385
12/9/2019,103.295
12/6/2019,102.02
12/5/2019,99.685
12/4/2019,98.485
12/3/2019,99.745
12/2/2019,92.975
11/29/2019,90.515
11/28/2019,96.9
11/27/2019,96.885
11/26/2019,96.91
11/25/2019,108.97
11/22/2019,110.82
11/21/2019,109.31
11/20/2019,115.865
11/19/2019,109.575
11/18/2019,109.61
11/15/2019,108.265
11/14/2019,108.56
11/13/2019,108.71
11/12/2019,108.675
11/11/2019,109.125
11/8/2019,109.385
11/7/2019,106.36
11/6/2019,110.585
11/5/2019,112.845
11/4/2019,110.995
11/1/2019,112.39
10/31/2019,112.68
10/30/2019,105.74
10/29/2019,105.475
10/28/2019,105.115
10/25/2019,108.845
10/24/2019,108.685
10/23/2019,109.02
10/22/2019,112.155
10/21/2019,112.97
10/18/2019,119.04
10/17/2019,119.565
10/16/2019,122.66
10/15/2019,124.445
10/14/2019,127.35
10/11/2019,127.575
10/10/2019,132.175
10/9/2019,134.735
10/8/2019,142.05
10/7/2019,130.25
10/4/2019,139.955
10/3/2019,142.51
10/2/2019,135.745
10/1/2019,127.055
9/30/2019,135.465
9/27/2019,140.065
9/26/2019,144.13
9/25/2019,146.455
9/24/2019,145.7
9/23/2019,142.255
9/20/2019,145.54
9/19/2019,129.31
9/18/2019,135.12
9/17/2019,133.78
9/16/2019,129.865
9/13/2019,124.695
9/12/2019,125.45
9/11/2019,125.865
9/10/2019,125.945
9/9/2019,126.935
9/6/2019,127.04
9/5/2019,127.255
9/4/2019,130.51
9/3/2019,131.34
9/2/2019,128.15
8/30/2019,128.87
8/29/2019,130.23
8/28/2019,131.59
8/27/2019,134.265
8/26/2019,136.75
8/23/2019,130.62
8/22/2019,131.71
8/21/2019,131.015
8/20/2019,137.44
8/19/2019,134.79
8/16/2019,135.475
8/15/2019,136.015
8/14/2019,137.755
8/13/2019,129.905
8/12/2019,131.015
8/9/2019,127.4
8/8/2019,126.635
8/7/2019,128.705
8/6/2019,119.845
8/5/2019,121.01
8/2/2019,112.33
8/1/2019,108.355
7/31/2019,107.475
7/30/2019,111.14
7/29/2019,102.445
7/26/2019,101.73
7/25/2019,100.57
7/24/2019,101.35
7/23/2019,103.35
7/22/2019,106.235
7/19/2019,104.29
7/18/2019,108.145
7/17/2019,107.9
7/16/2019,105.84
7/15/2019,106.175
7/12/2019,107.08
7/11/2019,108.305
7/10/2019,110.585
7/9/2019,114.6
7/8/2019,113.43
7/5/2019,118.72
7/4/2019,118.465
7/3/2019,118.705
7/2/2019,118.91
7/1/2019,123.03
6/28/2019,131.425
6/27/2019,133.525
6/26/2019,132.785
6/25/2019,133.25
6/24/2019,130.63
6/21/2019,136.69
6/20/2019,137.17
6/19/2019,141.06
6/18/2019,148.605
6/17/2019,154.7
6/14/2019,154.475
6/13/2019,155.29
6/12/2019,159.305
6/11/2019,152.485
6/10/2019,162.49
6/7/2019,167.825
6/6/2019,170.285
6/5/2019,172.08
6/4/2019,171.58
6/3/2019,177.865
5/31/2019,178.195
5/30/2019,176.095
5/29/2019,177.855
5/28/2019,175.475
5/27/2019,173.395
5/24/2019,173.685
5/23/2019,178.135
5/22/2019,178.555
5/21/2019,179.095
5/20/2019,180.9
5/17/2019,181.7
5/16/2019,180.975
5/15/2019,179.68
5/14/2019,183.86
5/13/2019,187.17
5/10/2019,178.16
5/9/2019,176.47
5/8/2019,171.14
5/7/2019,170.46
5/6/2019,168.85
5/3/2019,168.28
5/2/2019,169.57
5/1/2019,170.595
4/30/2019,170.545
4/29/2019,171.14
4/26/2019,175.415
4/25/2019,178.475
4/24/2019,178.325
4/23/2019,177.995
4/22/2019,178.725
4/19/2019,175.34
4/18/2019,180.965
4/17/2019,181.715
4/16/2019,189.335
4/15/2019,189.21
4/12/2019,192.555
4/11/2019,195.115
4/10/2019,194.895
4/9/2019,195.835
4/8/2019,195.585
4/5/2019,195.725
4/4/2019,197.035
4/3/2019,197.555
4/2/2019,201.655
4/1/2019,207.54
3/29/2019,208.695
3/28/2019,208.45
3/27/2019,207.645
3/26/2019,208.44
3/25/2019,208.135
3/22/2019,198.05
3/21/2019,197.96
3/20/2019,198.235
3/19/2019,174.85
3/18/2019,175.85
3/15/2019,174.475
3/14/2019,175.615
3/13/2019,178.045
3/12/2019,175.685
3/11/2019,179.425
3/8/2019,176.885
3/7/2019,171.77
3/6/2019,166.49
3/5/2019,166.605
3/4/2019,176.2
3/1/2019,168.3
2/28/2019,168.96
2/27/2019,171.54
2/26/2019,171.55
2/25/2019,171.94
2/22/2019,171.425
2/21/2019,171.835
2/20/2019,178.24
2/19/2019,186.86
2/18/2019,191.415
2/15/2019,191.79
2/14/2019,191.77
2/13/2019,190.005
2/12/2019,191.365
2/11/2019,191.865
2/8/2019,184.315
2/7/2019,184.945
2/6/2019,178.28
2/5/2019,177.52
2/4/2019,180.655
2/1/2019,181.065
1/31/2019,185.985
1/30/2019,190.565
1/29/2019,194.485
1/28/2019,197.735
1/25/2019,199.4
1/24/2019,197.51
1/23/2019,201.895
1/22/2019,202.58
1/21/2019,200.525
1/18/2019,202.105
1/17/2019,204.78
1/16/2019,210.06
1/15/2019,220.18
1/14/2019,222.3
1/11/2019,220.93
1/10/2019,215.755
1/9/2019,215.79
1/8/2019,223.925
1/7/2019,229.065
1/4/2019,237.655
1/3/2019,247.155
1/2/2019,236.005
1/1/2019,253.485
12/31/2018,254.245
12/28/2018,255.865
12/27/2018,255.55
12/26/2018,256.185
12/25/2018,248.145
12/24/2018,247.26
12/21/2018,246.18
12/20/2018,236.845
12/19/2018,218.145
12/18/2018,216.715
12/17/2018,214.965
12/14/2018,208.995
12/13/2018,209.87
12/12/2018,212.145
12/11/2018,212.285
12/10/2018,213.995
12/7/2018,198.07
12/6/2018,196.74
12/5/2018,190.14
12/4/2018,188.06
12/3/2018,184.455
11/30/2018,194.395
11/29/2018,198.355
11/28/2018,194.175
11/27/2018,207.37
11/26/2018,200.61
11/23/2018,211.98
11/22/2018,210.845
11/21/2018,211.56
11/20/2018,215.93
11/19/2018,204.545
11/16/2018,194.08
11/15/2018,205.405
11/14/2018,197.18
11/13/2018,196.79
11/12/2018,194.32
11/9/2018,194.06
11/8/2018,190.5
11/7/2018,194.675
11/6/2018,203.175
11/5/2018,210.91
11/2/2018,207.87
11/1/2018,216.955
10/31/2018,220.475
10/30/2018,231.41
10/29/2018,233.61
10/26/2018,234.84
10/25/2018,230.49
10/24/2018,231.455
10/23/2018,233.215
10/22/2018,221.27
10/19/2018,218
10/18/2018,222.065
10/17/2018,217.075
10/16/2018,219.92
10/15/2018,221.59
10/12/2018,211.125
10/11/2018,212.635
10/10/2018,208.195
10/9/2018,201.56
10/8/2018,201.01
10/5/2018,200.24
10/4/2018,196.165
10/3/2018,191.895
10/2/2018,192.935
10/1/2018,189.575
9/28/2018,190.14
9/27/2018,190.695
9/26/2018,194.07
9/25/2018,194.34
9/24/2018,196.18
9/21/2018,198.575
9/20/2018,200.63
9/19/2018,183.575
9/18/2018,183.585
9/17/2018,183.54
9/14/2018,181.87
9/13/2018,187.455
9/12/2018,191.89
9/11/2018,191.14
9/10/2018,186.905
9/7/2018,191.425
9/6/2018,196.15
9/5/2018,194.85
9/4/2018,190.8
9/3/2018,195.095
8/31/2018,195.04
8/30/2018,193.88
8/29/2018,194.77
8/28/2018,196.21
8/27/2018,199.17
8/24/2018,188.885
8/23/2018,191.13
8/22/2018,189.775
8/21/2018,197.575
8/20/2018,197.83
8/17/2018,204.045
8/16/2018,201.585
8/15/2018,203.55
8/14/2018,193.6
8/13/2018,193.73
8/10/2018,194.23
8/9/2018,197.175
8/8/2018,194.3
8/7/2018,198.395
8/6/2018,198.21
8/3/2018,199.495
8/2/2018,205.065
8/1/2018,202.065
7/31/2018,203.005
7/30/2018,209.845
7/27/2018,212.425
7/26/2018,214.88
7/25/2018,216.88
7/24/2018,216.93
7/23/2018,222.47
7/20/2018,224.345
7/19/2018,223.935
7/18/2018,225.925
7/17/2018,245.365
7/16/2018,251.54
7/13/2018,252.565
7/12/2018,253.275
7/11/2018,251.105
7/10/2018,238.075
7/9/2018,247.405
7/6/2018,248.755
7/5/2018,250.52
7/4/2018,247.54
7/3/2018,248.17
7/2/2018,255.04
6/29/2018,250.065
6/28/2018,250.85
6/27/2018,237.385
6/26/2018,237.255
6/25/2018,241.225
6/22/2018,231.26
6/21/2018,235.59
6/20/2018,232
6/19/2018,233.165
6/18/2018,226.065
6/15/2018,221.97
6/14/2018,220.87
6/13/2018,226.595
6/12/2018,229.695
6/11/2018,231.615
6/8/2018,239.39
6/7/2018,235.115
6/6/2018,233.79
6/5/2018,235.535
6/4/2018,235.335
6/1/2018,234.765
5/31/2018,241.105
5/30/2018,242.125
5/29/2018,244.855
5/28/2018,236.565
5/25/2018,235.925
5/24/2018,233.82
5/23/2018,233.21
5/22/2018,230.62
5/21/2018,235.015
5/18/2018,233.165
5/17/2018,230.175
5/16/2018,229.2
5/15/2018,229.085
5/14/2018,228.64
5/11/2018,229.705
5/10/2018,232.24
5/9/2018,233.17
5/8/2018,232.985
5/7/2018,231.245
5/4/2018,230.895
5/3/2018,230.92
5/2/2018,231.085
5/1/2018,234.715
4/30/2018,233.63
4/27/2018,229.095
4/26/2018,227.575
4/25/2018,225.005
4/24/2018,225.695
4/23/2018,226.085
4/20/2018,225.755
4/19/2018,234.795
4/18/2018,236.3
4/17/2018,237.52
4/16/2018,234.83
4/13/2018,231.815
4/12/2018,233.005
4/11/2018,220.39
4/10/2018,210.425
4/9/2018,211.96
4/6/2018,214.575
4/5/2018,214.87
4/4/2018,220.195
4/3/2018,227.285
4/2/2018,225.86
3/30/2018,220.05
3/29/2018,221.325
3/28/2018,222.45
3/27/2018,220.44
3/26/2018,221.065
3/23/2018,223.735
3/22/2018,218.9
3/21/2018,221.89
3/20/2018,218.875
3/19/2018,201.97
3/16/2018,196.715
3/15/2018,201.535
3/14/2018,203.18
3/13/2018,202.82
3/12/2018,202.445
3/9/2018,203.715
3/8/2018,200.62
3/7/2018,213.6
3/6/2018,200.395
3/5/2018,207.005
3/2/2018,212.905
3/1/2018,199.555
2/28/2018,188.06
2/27/2018,192.32
2/26/2018,194.19
2/23/2018,201.61
2/22/2018,198.655
2/21/2018,192.48
2/20/2018,193.785
2/19/2018,188.44
2/16/2018,191.52
2/15/2018,190.69
2/14/2018,203.41
2/13/2018,207.145
2/12/2018,208.585
2/9/2018,216.725
2/8/2018,208.895
2/7/2018,204.86
2/6/2018,216.125
2/5/2018,204.105
2/2/2018,200.05
2/1/2018,198.25
1/31/2018,196.35
1/30/2018,206.855
1/29/2018,213.695
1/26/2018,208.65
1/25/2018,211.96
1/24/2018,211.86
1/23/2018,208.945
1/22/2018,209.195
1/19/2018,205.985
1/18/2018,212.085
1/17/2018,212.22
1/16/2018,216.44
1/15/2018,218
1/12/2018,218.86
1/11/2018,222.92
1/10/2018,230.06
1/9/2018,229.71
1/8/2018,226.655
1/5/2018,229.04
1/4/2018,241.295
1/3/2018,241.06
1/2/2018,241.37
1/1/2018,252.945
12/29/2017,252.425
12/28/2017,252.74
12/27/2017,249.795
12/26/2017,246.95
12/25/2017,238.8
12/22/2017,239.765
12/21/2017,242.36
12/20/2017,245.63
12/19/2017,240.925
12/18/2017,243.16
12/15/2017,247.04
12/14/2017,245.795
12/13/2017,245.61
12/12/2017,250.39
12/11/2017,252.38
12/8/2017,254.105
12/7/2017,252.755
12/6/2017,255.295
12/5/2017,256.135
12/4/2017,254.25
12/1/2017,258.735
11/30/2017,258.12
11/29/2017,259.61
11/28/2017,262.17
11/27/2017,262.995
11/24/2017,259.945
11/23/2017,260.835
11/22/2017,262.47
11/21/2017,263.095
11/20/2017,263.57
11/17/2017,261.95
11/16/2017,263.1
11/15/2017,267.26
11/14/2017,266.36
11/13/2017,266.11
11/10/2017,263.375
11/9/2017,266.115
11/8/2017,261.41
11/7/2017,259.48
11/6/2017,260.185
11/3/2017,259.365
11/2/2017,257.635
11/1/2017,260.065
10/31/2017,260.835
10/30/2017,258.625
10/27/2017,258.985
10/26/2017,256.185
10/25/2017,254.945
10/24/2017,253.915
10/23/2017,255.64
10/20/2017,253.44
10/19/2017,252.085
10/18/2017,226.735
10/17/2017,226.92
10/16/2017,228.5
10/13/2017,231.18
10/12/2017,232.145
10/11/2017,230.575
10/10/2017,230.08
10/9/2017,233.925
10/6/2017,234.445
10/5/2017,235.37
10/4/2017,236.39
10/3/2017,238.955
10/2/2017,245.955
9/29/2017,253.34
9/28/2017,242.685
9/27/2017,253.085
9/26/2017,293.59
9/25/2017,301.05
9/22/2017,303.21
9/21/2017,302.465
9/20/2017,300.23
9/19/2017,274.45
9/18/2017,273.615
9/15/2017,279.31
9/14/2017,272.43
9/13/2017,276.225
9/12/2017,268.365
9/11/2017,273.845
9/8/2017,287.685
9/7/2017,268.38
9/6/2017,273.985
9/5/2017,270.46
9/4/2017,264.97
9/1/2017,266.43
8/31/2017,268.17
8/30/2017,268.23
8/29/2017,268.985
8/28/2017,270.84
8/25/2017,269.19
8/24/2017,270.19
8/23/2017,271.12
8/22/2017,271.435
8/21/2017,272.91
8/18/2017,273.89
8/17/2017,273.425
8/16/2017,269.355
8/15/2017,276.11
8/14/2017,270.915
8/11/2017,275.745
8/10/2017,278.445
8/9/2017,277.375
8/8/2017,271.04
8/7/2017,269.43
8/4/2017,266.735
8/3/2017,272.09
8/2/2017,273.09
8/1/2017,266.935
7/31/2017,268.975
7/28/2017,271.08
7/27/2017,269.93
7/26/2017,262.695
7/25/2017,260.87
7/24/2017,259.6
7/21/2017,261.755
7/20/2017,256.74
7/19/2017,259.305
7/18/2017,256.03
7/17/2017,257.965
7/14/2017,260.555
7/13/2017,262.23
7/12/2017,263.54
7/11/2017,282.805
7/10/2017,269.855
7/7/2017,269.755
7/6/2017,262.675
7/5/2017,256.35
7/4/2017,268.81
7/3/2017,269.77
6/30/2017,269.28
6/29/2017,262.49
6/28/2017,265.52
6/27/2017,264.62
6/26/2017,264.505
6/23/2017,261.605
6/22/2017,261.18
6/21/2017,262.545
6/20/2017,263.765
6/19/2017,262.755
6/16/2017,263.39
6/15/2017,264.945
6/14/2017,260.64
6/13/2017,261.155
6/12/2017,265.305
6/9/2017,265.805
6/8/2017,269.395
6/7/2017,268.425
6/6/2017,269.645
6/5/2017,268.38
6/2/2017,267.955
6/1/2017,270.34
5/31/2017,272.27
5/30/2017,273.385
5/29/2017,271.775
5/26/2017,272.49
5/25/2017,272.695
5/24/2017,276.125
5/23/2017,276.115
5/22/2017,260.925
5/19/2017,264.11
5/18/2017,268.585
5/17/2017,261.73
5/16/2017,256.955
5/15/2017,258.065
5/12/2017,262.23
5/11/2017,262.38
5/10/2017,269.77
5/9/2017,270.12
5/8/2017,275.015
5/5/2017,278.155
5/4/2017,279.72
5/3/2017,279.93
5/2/2017,285.62
5/1/2017,428.33
4/28/2017,430.125
4/27/2017,418.365
4/26/2017,422.825
4/25/2017,425.825
4/24/2017,428.845
4/21/2017,437.275
4/20/2017,439.405
4/19/2017,440.125
4/18/2017,427.13
4/17/2017,429.43
4/14/2017,424.65
4/13/2017,424.605
4/12/2017,440.58
4/11/2017,421.98
4/10/2017,426.815
4/7/2017,418.915
4/6/2017,413.51
4/5/2017,420.54
4/4/2017,440.695
4/3/2017,422.925
3/31/2017,425.92
3/30/2017,414.905
3/29/2017,415.41
3/28/2017,417.42
3/27/2017,415.425
3/24/2017,418.715
3/23/2017,424.945
3/22/2017,415.275
3/21/2017,429.23
3/20/2017,397.43
3/17/2017,405.495
3/16/2017,411.105
3/15/2017,396.81
3/14/2017,411.125
3/13/2017,396.775
3/10/2017,437.035
3/9/2017,454.58
3/8/2017,453.965
3/7/2017,456.185
3/6/2017,451.345
3/3/2017,454.075
3/2/2017,493.115
3/1/2017,460.48
2/28/2017,464.65
2/27/2017,318.795
2/24/2017,321.825
2/23/2017,318.52
2/22/2017,323.005
2/21/2017,319.33
2/20/2017,319.45
2/17/2017,319.105
2/16/2017,323.4
2/15/2017,327.8
2/14/2017,321.89
2/13/2017,315.615
2/10/2017,315.17
2/9/2017,316.995
2/8/2017,329.075
2/7/2017,312.01
2/6/2017,316.965
2/3/2017,328.09
2/2/2017,328.09
2/1/2017,328.105
1/31/2017,307.235
1/30/2017,328.06
1/27/2017,328.105
1/26/2017,338.51
1/25/2017,325.065
1/24/2017,328.06
1/23/2017,312.49
1/20/2017,333.25
1/19/2017,348.87
1/18/2017,347.705
1/17/2017,349.055
1/16/2017,349.275
1/13/2017,349.635
1/12/2017,348.93
1/11/2017,359.41
1/10/2017,359.365
1/9/2017,359.285
1/6/2017,359.41
1/5/2017,359.375
1/4/2017,338.445
1/3/2017,359.235
1/2/2017,366.83
12/30/2016,364.395
12/29/2016,354.735
12/28/2016,367.465
12/27/2016,359.95
12/26/2016,371.12
12/23/2016,366.35
12/22/2016,359.25
12/21/2016,359.25
12/20/2016,359.25
12/19/2016,359.255
12/16/2016,359.23
12/15/2016,359.23
12/14/2016,359.295
12/13/2016,359.3
12/12/2016,359.21
12/9/2016,345.01
12/8/2016,346.18
12/7/2016,348.79
12/6/2016,348.86
12/5/2016,354.07
12/2/2016,358.9
12/1/2016,359.235
11/30/2016,359.22
11/29/2016,370.94
11/28/2016,359.225
11/25/2016,358.825
11/24/2016,358.245
11/23/2016,359.2
11/22/2016,359.21
11/21/2016,359.115
11/18/2016,359.12
11/17/2016,359.12
11/16/2016,360.14
11/15/2016,359.2
11/14/2016,385.32
11/11/2016,389.52
11/10/2016,387.035
11/9/2016,411.355
11/8/2016,408.455
11/7/2016,402.545
11/4/2016,411.365
11/3/2016,411.365
11/2/2016,406.15
11/1/2016,411.52
10/31/2016,411.465
10/28/2016,380.1
10/27/2016,392.955
10/26/2016,400.58
10/25/2016,411.455
10/24/2016,411.51
10/21/2016,411.39
10/20/2016,411.385
10/19/2016,399
10/18/2016,390.51
10/17/2016,400.965
10/14/2016,411.52
10/13/2016,411.375
10/12/2016,406.12
10/11/2016,406.105
10/10/2016,354.975
10/7/2016,354.005
10/6/2016,412.155
10/5/2016,411.295
10/4/2016,411.5
10/3/2016,411.38
9/30/2016,416.215
9/29/2016,411.47
9/28/2016,416.58
9/27/2016,411.475
9/26/2016,411.505
9/23/2016,416.5
9/22/2016,416.495
9/21/2016,411.29
9/20/2016,411.355
9/19/2016,409.64
9/16/2016,421.625
9/15/2016,400.72
9/14/2016,400.75
9/13/2016,410.76
9/12/2016,400.74
9/9/2016,400.905
9/8/2016,395.71
9/7/2016,403.65
9/6/2016,421.625
9/5/2016,414.74
9/2/2016,419.225
9/1/2016,421.64
8/31/2016,421.64
8/30/2016,428.025
8/29/2016,421.595
8/26/2016,421.61
8/25/2016,421.61
8/24/2016,421.6
8/23/2016,421.59
8/22/2016,421.55
8/19/2016,440.22
8/18/2016,442.405
8/17/2016,421.57
8/16/2016,442.47
8/15/2016,421.56
8/12/2016,421.845
8/11/2016,431.565
8/10/2016,421.605
8/9/2016,432.065
8/8/2016,421.585
8/5/2016,421.575
8/4/2016,421.61
8/3/2016,421.59
8/2/2016,421.585
8/1/2016,424.265
7/29/2016,442.43
7/28/2016,421.6
7/27/2016,421.59
7/26/2016,447.73
7/25/2016,421.635
7/22/2016,421.63
7/21/2016,421.59
7/20/2016,431.545
7/19/2016,447.715
7/18/2016,444.04
7/15/2016,457.975
7/14/2016,431.93
7/13/2016,442.39
7/12/2016,442.425
7/11/2016,452.845
7/8/2016,452.85
7/7/2016,452.85
7/6/2016,484.135
7/5/2016,463.275
7/4/2016,463.79
7/1/2016,473.665
6/30/2016,463.26
6/29/2016,469.835
6/28/2016,494.75
6/27/2016,494.76
6/24/2016,494.75
6/23/2016,456.195
6/22/2016,463.45
6/21/2016,463.455
6/20/2016,463.46
6/17/2016,462.03
6/16/2016,453.045
6/15/2016,432.18
6/14/2016,432.115
6/13/2016,432.12
6/10/2016,432.115
6/9/2016,432.12
6/8/2016,432.125
6/7/2016,432.125
6/6/2016,432.125
6/3/2016,432.025
6/2/2016,432.025
6/1/2016,432.025
5/31/2016,432.02
5/30/2016,439.735
5/27/2016,432.015
5/26/2016,431.935
5/25/2016,421.52
5/24/2016,421.525
5/23/2016,421.53
5/20/2016,406.35
5/19/2016,392.525
5/18/2016,390.28
5/17/2016,421.54
5/16/2016,421.54
5/13/2016,421.54
5/12/2016,421.535
5/11/2016,390.285
5/10/2016,390.28
5/9/2016,390.285
5/6/2016,390.285
5/5/2016,390.28
5/4/2016,390.29
5/3/2016,348.62
5/2/2016,348.615
4/29/2016,348.62
4/28/2016,348.63
4/27/2016,348.665
4/26/2016,348.665
4/25/2016,351.73
4/22/2016,322.635
4/21/2016,322.62
4/20/2016,322.625
4/19/2016,322.625
4/18/2016,322.625
4/15/2016,322.635
4/14/2016,322.635
4/13/2016,322.635
4/12/2016,322.635
4/11/2016,322.75
4/8/2016,322.745
4/7/2016,322.745
4/6/2016,322.745
4/5/2016,322.75
4/4/2016,322.76
4/1/2016,322.755
3/31/2016,322.76
3/30/2016,336.46
3/29/2016,322.76
3/28/2016,322.755
3/25/2016,325.685
3/24/2016,322.635
3/23/2016,322.64
3/22/2016,322.635
3/21/2016,322.64
3/18/2016,312.13
3/17/2016,312.12
3/16/2016,312.12
3/15/2016,312.13
3/14/2016,312.125
3/11/2016,312.12
3/10/2016,312.125
3/9/2016,338.15
3/8/2016,338.255
3/7/2016,338.3
3/4/2016,338.3
3/3/2016,338.295
3/2/2016,338.295
3/1/2016,338.295
2/29/2016,372.085
2/26/2016,369.555
2/25/2016,371.435
2/24/2016,369.675
2/23/2016,369.68
2/22/2016,369.68
2/19/2016,369.685
2/18/2016,369.635
2/17/2016,385.275
2/16/2016,385.275
2/15/2016,387.57
2/12/2016,394.495
2/11/2016,387.59
2/10/2016,385.28
2/9/2016,385.285
2/8/2016,385.29
2/5/2016,385.295
2/4/2016,385.29
2/3/2016,385.29
2/2/2016,385.29
2/1/2016,385.385
1/29/2016,380.78
1/28/2016,385.39
1/27/2016,385.39
1/26/2016,385.395
1/25/2016,385.395
1/22/2016,385.4
1/21/2016,385.395
1/20/2016,385.26
1/19/2016,354.005
1/18/2016,394.885
1/15/2016,380.06
1/14/2016,353.9
1/13/2016,353.915
1/12/2016,348.7
1/11/2016,353.35
1/8/2016,353.88
1/7/2016,353.88
1/6/2016,353.98
1/5/2016,338.32
1/4/2016,344.405
1/1/2016,338.265
12/31/2015,338.32
12/30/2015,338.315
12/29/2015,325.95
12/28/2015,324.91
12/25/2015,329.06
12/24/2015,333.39
12/23/2015,338.215
12/22/2015,338.42
12/21/2015,338.42
12/18/2015,338.425
12/17/2015,338.415
12/16/2015,338.215
12/15/2015,352.285
12/14/2015,351.11
12/11/2015,342.535
12/10/2015,338.135
12/9/2015,338.3
12/8/2015,338.295
12/7/2015,338.28
12/4/2015,333.105
12/3/2015,338.51
12/2/2015,338.315
12/1/2015,338.305
11/30/2015,348.635
11/27/2015,349.64
11/26/2015,346.11
11/25/2015,341.245
11/24/2015,340.315
11/23/2015,333.155
11/20/2015,338.36
11/19/2015,338.355
11/18/2015,338.355
11/17/2015,338.41
11/16/2015,338.38
11/13/2015,338.27
11/12/2015,338.24
11/11/2015,338.765
11/10/2015,338.38
11/9/2015,338.41
11/6/2015,338.42
11/5/2015,338.41
11/4/2015,338.38
11/3/2015,338.33
11/2/2015,338.41
10/30/2015,338.405
10/29/2015,336.83
10/28/2015,338.42
10/27/2015,338.42
10/26/2015,338.425
10/23/2015,356.26
10/22/2015,338.405
10/21/2015,338.405
10/20/2015,338.455
10/19/2015,338.435
10/16/2015,338.475
10/15/2015,338.435
10/14/2015,341.07
10/13/2015,338.45
10/12/2015,322.53
10/9/2015,327.935
10/8/2015,338.38
10/7/2015,338.44
10/6/2015,338.36
10/5/2015,338.425
10/2/2015,338.285
10/1/2015,338.27
9/30/2015,339.92
9/29/2015,338.4
9/28/2015,338.445
9/25/2015,338.525
9/24/2015,338.34
9/23/2015,338.595
9/22/2015,338.63
9/21/2015,338.57
9/18/2015,336.93
9/17/2015,338.515
9/16/2015,338.505
9/15/2015,338.535
9/14/2015,359.365
9/11/2015,359.35
9/10/2015,359.405
9/9/2015,359.31
9/8/2015,359.355
9/7/2015,362.1
9/4/2015,359.395
9/3/2015,359.415
9/2/2015,359.4
9/1/2015,359.385
8/31/2015,359.34
8/28/2015,358.995
8/27/2015,359.315
8/26/2015,359.41
8/25/2015,371.1
8/24/2015,366.875
8/21/2015,359.31
8/20/2015,359.285
8/19/2015,359.355
8/18/2015,359.35
8/17/2015,358.76
8/14/2015,359.4
8/13/2015,359.38
8/12/2015,359.42
8/11/2015,359.44
8/10/2015,359.41
8/7/2015,359.41
8/6/2015,359.385
8/5/2015,359.5
8/4/2015,359.345
8/3/2015,359.4
7/31/2015,359.425
7/30/2015,359.435
7/29/2015,359.4
7/28/2015,359.425
7/27/2015,359.35
7/24/2015,364.515
7/23/2015,342.92
7/22/2015,362.945
7/21/2015,358.295
7/20/2015,326.05
7/17/2015,328.33
7/16/2015,308.33
7/15/2015,311.405
7/14/2015,331.545
7/13/2015,331.53
7/10/2015,334.64
7/9/2015,354.775
7/8/2015,331.6
7/7/2015,359.515
7/6/2015,331.705
7/3/2015,334.415
7/2/2015,331.87
7/1/2015,331.57
6/30/2015,332.035
6/29/2015,332.065
6/26/2015,331.825
6/25/2015,331.655
6/24/2015,338.01
6/23/2015,345.35
6/22/2015,348.715
6/19/2015,340.365
6/18/2015,344.73
6/17/2015,344.81
6/16/2015,344.795
6/15/2015,348.265
6/12/2015,344.545
6/11/2015,344.575
6/10/2015,344.52
6/9/2015,344.535
6/8/2015,344.53
6/5/2015,339.925
6/4/2015,344.505
6/3/2015,344.52
6/2/2015,344.5
6/1/2015,325.805
5/29/2015,325.675
5/28/2015,325.645
5/27/2015,325.85
5/26/2015,325.69
5/25/2015,323.415
5/22/2015,325.71
5/21/2015,325.805
5/20/2015,326.53
5/19/2015,325.92
5/18/2015,325.865
5/15/2015,321.22
5/14/2015,321.27
5/13/2015,325.725
5/12/2015,325.695
5/11/2015,325.7
5/8/2015,325.69
5/7/2015,325.675
5/6/2015,325.655
5/5/2015,325.7
5/4/2015,325.655
5/1/2015,325.67
4/30/2015,325.665
4/29/2015,325.67
4/28/2015,321.445
4/27/2015,324.055
4/24/2015,325.57
4/23/2015,325.59
4/22/2015,306.82
4/21/2015,306.765
4/20/2015,306.735
4/17/2015,306.79
4/16/2015,306.805
4/15/2015,306.685
4/14/2015,306.795
4/13/2015,306.895
4/10/2015,305.31
4/9/2015,306.745
4/8/2015,306.705
4/7/2015,306.705
4/6/2015,306.67
4/3/2015,306.61
4/2/2015,307.495
4/1/2015,306.555
3/31/2015,306.57
3/30/2015,306.605
3/27/2015,306.605
3/26/2015,306.605
3/25/2015,306.61
3/24/2015,306.585
3/23/2015,306.505
3/20/2015,306.52
3/19/2015,306.2
3/18/2015,306.14
3/17/2015,306.16
3/16/2015,306.2
3/13/2015,306.19
3/12/2015,306.205
3/11/2015,306.2
3/10/2015,306.185
3/9/2015,311.09
3/6/2015,306.22
3/5/2015,306.19
3/4/2015,306.255
3/3/2015,310.885
3/2/2015,306.185
2/27/2015,309.14
2/26/2015,306.34
2/25/2015,309.13
2/24/2015,309.73
2/23/2015,310.705
2/20/2015,312.04
2/19/2015,314.405
2/18/2015,315.955
2/17/2015,319.515
2/16/2015,320.385
2/13/2015,316.845
2/12/2015,319.17
2/11/2015,319.23
2/10/2015,318.605
2/9/2015,317.175
2/6/2015,314.12
2/5/2015,285.265
2/4/2015,290.9
2/3/2015,293.5
2/2/2015,295.685
1/30/2015,293.715
1/29/2015,291.54
1/28/2015,289.505
1/27/2015,291.24
1/26/2015,291.935
1/23/2015,298.86
1/22/2015,303.89
1/21/2015,304.87
1/20/2015,313.74
1/19/2015,318.46
1/16/2015,313.015
1/15/2015,316.845
1/14/2015,315.72
1/13/2015,317.795
1/12/2015,319.12
1/9/2015,317.61
1/8/2015,315.17
1/7/2015,319.935
1/6/2015,321.995
1/5/2015,322.305
1/2/2015,321.655
1/1/2015,320.71
12/31/2014,321.47
12/30/2014,322.97
12/29/2014,321.4
12/26/2014,322.08
12/25/2014,322.075
12/24/2014,321.95
12/23/2014,321.815
12/22/2014,315.82
12/19/2014,325.13
12/18/2014,333.995
12/17/2014,335.63
12/16/2014,329.095
12/15/2014,336.82
12/12/2014,328.195
12/11/2014,327.74
12/10/2014,328
12/9/2014,324.755
12/8/2014,319.315
12/5/2014,319.47
12/4/2014,319.405
12/3/2014,312.805
12/2/2014,314.295
12/1/2014,311.625
11/28/2014,312.09
11/27/2014,317.99
11/26/2014,320.78
11/25/2014,323.875
11/24/2014,330.405
11/21/2014,331.425
11/20/2014,332.18
11/19/2014,330.33
11/18/2014,330.84
11/17/2014,329.48
11/14/2014,322.265
11/13/2014,325.945
