date,Time_to_Maturity,last_value,spread_bps,spread_dec,hazard,s_tau,Q_fit_spline,NS_fit,piecewise_fit
2014-06-19,11.819178082191781,106.339,106.339,0.0106339,0.01772316666666667,0.8110113231418495,0.7969457173200908,0.8005694026669156,0.8110113231418495
2014-06-20,11.816438356164383,105.959,105.959,0.0105959,0.017659833333333333,0.8116579008520548,0.7969545542436625,0.8005733406227832,0.8116579008520548
2014-06-23,11.808219178082192,106.103,106.103,0.0106103,0.017683833333333333,0.8115456985710983,0.7969810733726357,0.8005851707730214,0.8115456985710983
2014-06-30,11.789041095890411,109.479,109.479,0.0109479,0.018246500000000002,0.8064537429550558,0.7970430003293887,0.8006128697824297,0.8064537429550558
2014-07-03,11.780821917808218,99.5072,99.5072,0.00995072,0.016584533333333335,0.8225225060074689,0.797069561567461,0.8006247818149191,0.8225225060074689
2014-07-07,11.76986301369863,105.513,105.513,0.010551300000000001,0.017585500000000004,0.8130367837219376,0.7971049963774277,0.8006407029945389,0.8130367837219376
2014-07-08,11.767123287671232,110.038,110.038,0.0110038,0.018339666666666667,0.8058923399006613,0.797113858632531,0.8006446901770988,0.8058923399006613
2014-07-10,11.761643835616438,115.96,115.96,0.011595999999999999,0.019326666666666666,0.7966710904587515,0.7971315874188076,0.8006526728264397,0.7966710904587515
2014-07-16,11.745205479452055,110.561,110.561,0.011056100000000001,0.018426833333333337,0.8053913715778903,0.7971848081198465,0.800676687244746,0.8053913715778903
2014-07-17,11.742465753424657,120.102,120.102,0.0120102,0.020017,0.7905321624205224,0.7971936832644826,0.80068069937012,0.7905321624205224
2014-07-18,11.73972602739726,116.32,116.32,0.011632,0.019386666666666667,0.796447428259415,0.7972025598506163,0.8006847142806202,0.796447428259415
2014-07-28,11.712328767123287,118.815,118.815,0.0118815,0.0198025,0.7929989428812144,0.7972914054080456,0.8007250171745413,0.7929989428812144
2014-07-31,11.704109589041096,121.716,121.716,0.0121716,0.020286,0.7886524360847527,0.7973180875031824,0.8007371628200186,0.7886524360847527
2014-08-06,11.687671232876712,114.132,114.132,0.0114132,0.019022,0.8006568047707775,0.7973714913806502,0.8007615304329663,0.8006568047707775
2014-08-07,11.684931506849315,124.052,124.052,0.0124052,0.020675333333333334,0.7853782313360709,0.7973803971938899,0.8007656016280774,0.7853782313360709
2014-08-19,11.652054794520549,120.769,120.769,0.0120769,0.020128166666666666,0.7909389453047089,0.7974873830568521,0.8008146785768804,0.7909389453047089
2014-08-26,11.632876712328768,119.092,119.092,0.0119092,0.019848666666666667,0.7938211521907433,0.7975498913268451,0.8008434978436383,0.7938211521907433
2014-09-03,11.610958904109589,120.011,120.011,0.012001099999999999,0.020001833333333333,0.7927554705674282,0.7976214205021157,0.8008766080677826,0.7927554705674282
2014-09-05,11.605479452054794,114.239,114.239,0.0114239,0.019039833333333336,0.8017436228163268,0.7976393181005892,0.8008849147739838,0.8017436228163268
2014-09-08,11.597260273972603,116.92,116.92,0.011692000000000001,0.01948666666666667,0.7977245271469464,0.7976661760418068,0.8008973967902855,0.7977245271469464
2014-09-17,11.572602739726028,111.246,111.246,0.0111246,0.018541000000000002,0.8068902419997758,0.7977468334866566,0.8009350016659662,0.8068902419997758
2014-09-22,11.558904109589042,112.079,112.079,0.0112079,0.018679833333333333,0.8058010507169755,0.7977916977795507,0.8009559967895504,0.8058010507169755
2014-09-25,11.550684931506849,132.939,132.939,0.013293899999999999,0.0221565,0.7742017730389922,0.7978186352146482,0.80096862955925,0.7742017730389922
2014-09-29,11.53972602739726,133.128,133.128,0.013312799999999998,0.022187999999999996,0.7741083399471915,0.7978545739125908,0.8009855150634516,0.7741083399471915
2014-10-02,11.531506849315068,135.997,135.997,0.013599700000000001,0.022666166666666668,0.7699920751776997,0.7978815445967944,0.8009982106545391,0.7699920751776997
2014-10-10,11.509589041095891,150.776,150.776,0.015077600000000002,0.025129333333333337,0.7488412257762186,0.7979535366956261,0.8010321980689341,0.7488412257762186
2014-10-21,11.479452054794521,155.918,155.918,0.015591800000000001,0.025986333333333337,0.7420721023332286,0.7980526943420271,0.8010792477793311,0.7420721023332286
2014-10-22,11.476712328767123,153.742,153.742,0.0153742,0.025623666666666666,0.7452202616025665,0.7980617184334162,0.8010835433493008,0.7452202616025665
2014-10-24,11.471232876712328,151.733,151.733,0.0151733,0.025288833333333337,0.7481931620227437,0.7980797715259969,0.8010921436938945,0.7481931620227437
2014-10-29,11.457534246575342,141.779,141.779,0.0141779,0.023629833333333336,0.762815088789645,0.7981249329981228,0.8011136983928706,0.762815088789645
2014-10-31,11.452054794520548,140.154,140.154,0.014015399999999999,0.023358999999999998,0.765283788990972,0.7981430091284706,0.8011223418722965,0.765283788990972
2014-11-07,11.432876712328767,149.94,149.94,0.014994,0.024990000000000002,0.7514823254899774,0.7982063278397639,0.8011526917054996,0.7514823254899774
2014-11-12,11.419178082191781,139.885,139.885,0.0139885,0.023314166666666667,0.7662639234461777,0.7982516055625891,0.8011744635993584,0.7662639234461777
2014-11-24,11.386301369863014,138.186,138.186,0.0138186,0.023031000000000003,0.76932797353972,0.7983604441364586,0.8012270364097611,0.76932797353972
2014-12-02,11.364383561643836,150.321,150.321,0.0150321,0.0250535,0.7522266654994733,0.7984331396007185,0.8012623382522578,0.7522266654994733
2014-12-03,11.361643835616439,140.915,140.915,0.0140915,0.023485833333333334,0.7657973705712179,0.7984422342777663,0.8012667653314469,0.7657973705712179
2014-12-04,11.35890410958904,152.526,152.526,0.015252600000000002,0.025421000000000003,0.7491959596070163,0.7984513306832413,0.801271195609991,0.7491959596070163
2014-12-05,11.356164383561644,139.652,139.652,0.013965199999999999,0.023275333333333332,0.767728970268643,0.7984604288194126,0.8012756290911146,0.767728970268643
2014-12-09,11.345205479452055,145.904,145.904,0.0145904,0.024317333333333333,0.7589000904557814,0.7984968387165512,0.801293395106032,0.7589000904557814
2014-12-11,11.33972602739726,144.93,144.93,0.014493,0.024155000000000003,0.760399685328358,0.7985150541085231,0.8013022974130858,0.760399685328358
2014-12-23,11.306849315068494,143.446,143.446,0.014344599999999999,0.023907666666666667,0.7631349585732442,0.798624493825024,0.8013559830909632,0.7631349585732442
2014-12-29,11.29041095890411,141.921,141.921,0.0141921,0.0236535,0.7656288661347259,0.7986793092509974,0.8013830018617287,0.7656288661347259
2014-12-30,11.287671232876713,138.193,138.193,0.013819300000000001,0.02303216666666667,0.7710673731583876,0.7986884514012109,0.8013875164662994,0.7710673731583876
2015-01-06,11.26849315068493,147.91,147.91,0.014791,0.02465166666666667,0.7574580391560553,0.7987524967271526,0.8014192109414234,0.7574580391560553
2015-01-07,11.265753424657534,158.751,158.751,0.0158751,0.0264585,0.7422457160066099,0.7987616532698677,0.8014237519412264,0.7422457160066099
2015-01-08,11.263013698630138,148.378,148.378,0.014837799999999998,0.024729666666666664,0.7568951257596789,0.7987708116223098,0.801428296255482,0.7568951257596789
2015-01-20,11.23013698630137,158.093,158.093,0.0158093,0.026348833333333332,0.7438610608463402,0.7988808538802128,0.8014830877796265,0.7438610608463402
2015-01-26,11.213698630136987,155.059,155.059,0.0155059,0.025843166666666667,0.7484151192799753,0.7989359741595919,0.8015106645290913,0.7484151192799753
2015-01-30,11.202739726027398,150.526,150.526,0.015052600000000001,0.025087666666666668,0.7549901320129886,0.7989727580906063,0.8015291165611484,0.7549901320129886
2015-02-02,11.194520547945206,145.71,145.71,0.014571,0.024285,0.7619617423033781,0.7990003656161693,0.8015429911959544,0.7619617423033781
2015-02-03,11.191780821917808,137.451,137.451,0.0137451,0.022908500000000002,0.7738425027178638,0.7990095718668094,0.8015476228756139,0.7738425027178638
2015-02-24,11.134246575342466,109.576,109.576,0.0109576,0.018262666666666667,0.8159999104261146,0.7992033401240595,0.8016456804017941,0.8159999104261146
2015-03-06,11.106849315068493,84.7398,84.7398,0.00847398,0.014123300000000002,0.854819139703973,0.7992959080979791,0.8016929118668642,0.854819139703973
2015-03-10,11.095890410958905,109.844,109.844,0.0109844,0.018307333333333335,0.816167100968909,0.7993329898379535,0.8017119026916893,0.816167100968909
2015-03-12,11.09041095890411,95.6934,95.6934,0.009569339999999999,0.0159489,0.8378804453351029,0.799351542479757,0.8017214192700398,0.8378804453351029
2015-03-17,11.076712328767123,97.928,97.928,0.009792799999999999,0.016321333333333334,0.8346133509270942,0.7993979585852411,0.8017452726814298,0.8346133509270942
2015-03-26,11.052054794520547,107.587,107.587,0.0107587,0.017931166666666668,0.8202252867411738,0.7994816326565493,0.8017884331171576,0.8202252867411738
2015-03-30,11.04109589041096,113.48,113.48,0.011348,0.018913333333333334,0.811538113062965,0.7995188731640139,0.8018077086687345,0.811538113062965
2015-04-07,11.01917808219178,116.248,116.248,0.011624800000000001,0.01937466666666667,0.8077578933670632,0.7995934511286804,0.8018464329503763,0.8077578933670632
2015-04-08,11.016438356164384,114.936,114.936,0.011493600000000001,0.019156000000000003,0.8097490507954221,0.7996027825154559,0.8018512897932335,0.8097490507954221
2015-04-22,10.978082191780821,95.3804,95.3804,0.00953804,0.015896733333333333,0.8398637143627373,0.7997336373978956,0.8019196691077158,0.8398637143627373
2015-04-27,10.964383561643835,105.319,105.319,0.0105319,0.01755316666666667,0.8249276016658097,0.7997804696210118,0.8019442649768395,0.8249276016658097
2015-04-28,10.961643835616439,102.323,102.323,0.0102323,0.017053833333333334,0.8294951244784983,0.799789842331269,0.8019491952590867,0.8294951244784983
2015-04-29,10.95890410958904,93.6552,93.6552,0.009365519999999999,0.015609199999999998,0.8427712365904577,0.7997992171365231,0.8019541292530222,0.8427712365904577
2015-05-04,10.945205479452055,92.523,92.523,0.0092523,0.0154205,0.8446942587226778,0.7998461226849216,0.8019788550317001,0.8446942587226778
2015-05-05,10.942465753424658,93.2042,93.2042,0.00932042,0.015534033333333332,0.8436811604298409,0.7998555101185163,0.8019838113760326,0.8436811604298409
2015-05-11,10.926027397260274,95.5393,95.5393,0.00955393,0.015923216666666667,0.8403158032467306,0.7999118792224067,0.802013628084981,0.8403158032467306
2015-05-12,10.923287671232877,104.088,104.088,0.0104088,0.017348,0.8273750380778687,0.7999212815163272,0.8020186106796301,0.8273750380778687
2015-05-19,10.904109589041095,117.703,117.703,0.011770300000000001,0.019617166666666668,0.8074228783289009,0.799987157488907,0.8020535944936104,0.8074228783289009
2015-05-21,10.898630136986302,125.383,125.383,0.012538299999999999,0.020897166666666665,0.796322925255784,0.8000059985389707,0.8020636239451763,0.796322925255784
2015-06-05,10.857534246575343,116.969,116.969,0.0116969,0.019494833333333333,0.8092350821218293,0.8001475833699263,0.8021393315757149,0.8092350821218293
2015-06-19,10.819178082191781,147.77,147.77,0.014777,0.024628333333333335,0.7660879303875745,0.8002801762547724,0.8022107753173172,0.7660879303875745
2015-06-23,10.808219178082192,155.2,155.2,0.015519999999999999,0.025866666666666666,0.7561068303949288,0.8003181403774742,0.802231328308367,0.7561068303949288
2015-06-25,10.802739726027397,144.487,144.487,0.0144487,0.024081166666666667,0.7709416603441245,0.8003371359645854,0.802241628381249,0.7709416603441245
2015-06-29,10.791780821917808,159.236,159.236,0.0159236,0.026539333333333335,0.7509571632241073,0.8003751543101855,0.802262275844638,0.7509571632241073
2015-07-01,10.786301369863013,138.626,138.626,0.013862600000000001,0.023104333333333334,0.7794160431744875,0.8003941771168146,0.8022726233005364,0.7794160431744875
2015-07-24,10.723287671232876,161.662,161.662,0.016166200000000002,0.02694366666666667,0.7490686166962843,0.8006136011322594,0.8023927672892281,0.7490686166962843
2015-07-28,10.712328767123287,155.555,155.555,0.0155555,0.025925833333333335,0.7575043112252724,0.8006518877280059,0.8024138797398994,0.7575043112252724
2015-08-06,10.687671232876712,149.943,149.943,0.014994300000000002,0.024990500000000006,0.7656039741619667,0.8007381711447974,0.8024616217068026,0.7656039741619667
2015-08-10,10.676712328767124,151.979,151.979,0.015197900000000002,0.025329833333333336,0.7630441819258943,0.8007765813849745,0.8024829471875269,0.7630441819258943
2015-08-12,10.67123287671233,168.687,168.687,0.0168687,0.0281145,0.7408060886141719,0.8007958009208263,0.8024936347091564,0.7408060886141719
2015-08-13,10.668493150684931,156.853,156.853,0.0156853,0.026142166666666668,0.7566174328366786,0.8008054143038832,0.8024989846803464,0.7566174328366786
2015-08-20,10.64931506849315,164.62,164.62,0.016462,0.027436666666666668,0.7466328546610845,0.8008727757675828,0.8025365508088815,0.7466328546610845
2015-08-28,10.627397260273973,154.292,154.292,0.0154292,0.025715333333333337,0.7608743373956044,0.8009499065797461,0.8025797341958705,0.7608743373956044
2015-09-15,10.578082191780823,153.385,153.385,0.0153385,0.025564166666666666,0.7630590520249391,0.8011240298263806,0.8026778857136592,0.7630590520249391
2015-09-18,10.56986301369863,151.918,151.918,0.0151918,0.025319666666666667,0.7651943629430017,0.8011531293072172,0.8026943787702806,0.7651943629430017
2015-09-21,10.561643835616438,144.571,144.571,0.0144571,0.024095166666666668,0.775316017292888,0.8011822515833068,0.8027109105690867,0.775316017292888
2015-09-24,10.553424657534247,147.311,147.311,0.0147311,0.024551833333333335,0.7717412733412774,0.8012113967458818,0.8027274812318147,0.7717412733412774
2015-10-05,10.523287671232877,157.872,157.872,0.0157872,0.026312000000000002,0.7581388389994526,0.8013184596331093,0.8027885748097555,0.7581388389994526
2015-10-27,10.463013698630137,151.987,151.987,0.015198699999999999,0.025331166666666665,0.7671749985694793,0.8015335305147503,0.8029123587872136,0.7671749985694793
2015-10-28,10.46027397260274,144.012,144.012,0.0144012,0.024002,0.7779698600184058,0.8015433368604931,0.8029180365239886,0.7779698600184058
2015-11-12,10.419178082191781,132.206,132.206,0.013220599999999999,0.022034333333333333,0.7948676605334672,0.8016907546266532,0.8030037439060346,0.7948676605334672
2015-11-13,10.416438356164383,132.752,132.752,0.013275200000000001,0.022125333333333337,0.7941625063128882,0.8017006041462349,0.8030094940358649,0.7941625063128882
2015-11-17,10.405479452054795,134.454,134.454,0.013445400000000001,0.022409000000000002,0.792013858637529,0.8017400295518828,0.803032540254743,0.792013858637529
2015-11-23,10.389041095890411,139.359,139.359,0.013935900000000001,0.023226500000000004,0.7856050741503667,0.8017992500446827,0.8030672472122672,0.7856050741503667
2015-11-30,10.36986301369863,142.357,142.357,0.0142357,0.02372616666666667,0.7818932175771641,0.8018684665181455,0.803107948650448,0.7818932175771641
2015-12-14,10.331506849315069,137.673,137.673,0.0137673,0.0229455,0.7889426952163784,0.8020073111356711,0.8031900364217278,0.7889426952163784
2015-12-22,10.30958904109589,135.018,135.018,0.0135018,0.022503,0.7929487541542133,0.8020869005620934,0.8032373579295805,0.7929487541542133
2015-12-28,10.293150684931506,138.999,138.999,0.0138999,0.0231665,0.7878431356753329,0.8021467132743443,0.8032730487091913,0.7878431356753329
2015-12-29,10.29041095890411,128.635,128.635,0.0128635,0.02143916666666667,0.8020231264037748,0.8021566921806047,0.8032790138979896,0.8020231264037748
2016-01-06,10.26849315068493,139.791,139.791,0.0139791,0.0232985,0.787225541569309,0.8022366282294454,0.8033269083550675,0.787225541569309
2016-01-07,10.265753424657534,132.688,132.688,0.013268799999999999,0.022114666666666664,0.7969018834832982,0.8022466333939009,0.8033329168569514,0.7969018834832982
2016-01-12,10.252054794520548,145.242,145.242,0.0145242,0.024207,0.7802261305047974,0.8022967033517829,0.8033630320403652,0.7802261305047974
2016-01-19,10.232876712328768,131.413,131.413,0.013141300000000002,0.02190216666666667,0.7992174870189123,0.8023669255912087,0.8034053977212977,0.7992174870189123
2016-01-20,10.23013698630137,153.611,153.611,0.015361099999999999,0.025601833333333334,0.7695800811090056,0.8023769692464173,0.80341146952,0.7695800811090056
2016-01-25,10.216438356164383,145.133,145.133,0.014513300000000002,0.024188833333333336,0.7810440531451058,0.8024272324321703,0.8034419021959293,0.7810440531451058
2016-02-01,10.197260273972603,156.574,156.574,0.015657400000000002,0.02609566666666667,0.7663591882194333,0.8024977273710564,0.8034847152043578,0.7663591882194333
2016-02-04,10.189041095890412,157.02,157.02,0.015702,0.026170000000000002,0.7659432443844785,0.802527984961896,0.8035031380526163,0.7659432443844785
2016-02-11,10.169863013698631,196.263,196.263,0.0196263,0.0327105,0.7170130023915832,0.8025986929213698,0.8035462993844129,0.7170130023915832
2016-02-18,10.150684931506849,179.594,179.594,0.0179594,0.029932333333333335,0.7379835940365739,0.8026695517009408,0.8035897067544764,0.7379835940365739
2016-03-03,10.112328767123287,176.136,176.136,0.0176136,0.029356,0.743149886372048,0.8028117274148705,0.80367726697957,0.743149886372048
2016-03-04,10.10958904109589,169.285,169.285,0.0169285,0.028214166666666665,0.7518385816481445,0.8028219064288138,0.8036835596142857,0.7518385816481445
2016-03-11,10.09041095890411,161.037,161.037,0.016103700000000002,0.026839500000000006,0.7627525708180073,0.8028932485241267,0.8037277522888285,0.7627525708180073
2016-03-17,10.073972602739726,161.788,161.788,0.0161788,0.026964666666666668,0.7621275771393029,0.8029545236306515,0.8037658336207373,0.7621275771393029
2016-03-29,10.04109589041096,160.595,160.595,0.0160595,0.026765833333333336,0.7643279720931042,0.8030774231569634,0.8038425603790886,0.7643279720931042
2016-03-30,10.038356164383561,160.007,160.007,0.0160007,0.026667833333333335,0.765136362709746,0.8030876859867905,0.8038489884560385,0.765136362709746
2016-04-12,10.002739726027396,172.635,172.635,0.017263499999999998,0.028772499999999996,0.7499086883224928,0.8032214030815075,0.8039330364357946,0.7499086883224928
2016-04-20,9.98082191780822,164.754,164.754,0.016475399999999998,0.027458999999999997,0.7602838800672566,0.8033039704730242,0.8039852076100847,0.7602838800672566
2016-04-21,9.978082191780821,140.643,140.643,0.0140643,0.0234405,0.7914478925566166,0.8033143065422781,0.8039917532681867,0.7914478925566166
2016-04-26,9.964383561643835,138.79,138.79,0.013878999999999999,0.023131666666666665,0.794142153530392,0.8033660376899321,0.804024562834919,0.794142153530392
2016-04-28,9.95890410958904,139.195,139.195,0.0139195,0.023199166666666667,0.7937090852419106,0.8033867539413063,0.8040377246990705,0.7937090852419106
2016-04-29,9.956164383561644,138.09,138.09,0.013809,0.023015,0.7952163020470894,0.8033971171836167,0.8040443138053539,0.7952163020470894
2016-05-02,9.947945205479453,136.651,136.651,0.013665100000000001,0.02277516666666667,0.7972666332371784,0.8034282274320599,0.8040641138912314,0.7972666332371784
2016-05-03,9.945205479452055,138.04,138.04,0.013803999999999999,0.023006666666666665,0.7954828204140041,0.8034386043706981,0.8040707248617395,0.7954828204140041
2016-05-04,9.942465753424658,135.838,135.838,0.0135838,0.02263966666666667,0.7984410735329813,0.8034489847449242,0.8040773413129755,0.7984410735329813
2016-05-05,9.93972602739726,151.062,151.062,0.015106200000000002,0.025177000000000005,0.7786041745638522,0.8034593685593527,0.8040839632508222,0.7786041745638522
2016-05-10,9.926027397260274,139.977,139.977,0.0139977,0.0233295,0.793287753533549,0.803511339396502,0.8041171554455937,0.793287753533549
2016-05-13,9.917808219178083,145.569,145.569,0.0145569,0.0242615,0.786139592194661,0.8035425634779638,0.804137136979787,0.786139592194661
2016-05-19,9.901369863013699,142.786,142.786,0.0142786,0.02379766666666667,0.7900733422466494,0.8036051057821347,0.8041772497856196,0.7900733422466494
2016-05-20,9.898630136986302,135.226,135.226,0.0135226,0.022537666666666668,0.8000412209260946,0.8036155417577272,0.804183954733276,0.8000412209260946
2016-05-24,9.887671232876713,123.895,123.895,0.0123895,0.020649166666666666,0.8153219841111355,0.8036573208564679,0.8042108304007678,0.8153219841111355
2016-05-31,9.868493150684932,126.811,126.811,0.0126811,0.02113516666666667,0.8117423862351839,0.8037305705157847,0.8042580788723469,0.8117423862351839
2016-06-01,9.865753424657534,126.538,126.538,0.0126538,0.021089666666666666,0.8121538785738587,0.8037410489835084,0.804264851197852,0.8121538785738587
2016-06-02,9.863013698630137,136.876,136.876,0.013687600000000001,0.02281266666666667,0.7985149061310552,0.8037515310232597,0.8042716291775275,0.7985149061310552
2016-06-06,9.852054794520548,153.204,153.204,0.015320400000000001,0.025534000000000005,0.7775849603603768,0.8037934949986882,0.8042987977597876,0.7775849603603768
2016-06-10,9.841095890410958,151.815,151.815,0.0151815,0.025302500000000002,0.7795765987718456,0.8038355165119423,0.8043260572970486,0.7795765987718456
2016-06-13,9.832876712328767,161.753,161.753,0.0161753,0.026958833333333335,0.7671423631487794,0.8038670705925687,0.8043465618753063,0.7671423631487794
2016-06-14,9.830136986301369,159.024,159.024,0.0159024,0.026504000000000003,0.7706369096225338,0.8038775958731342,0.8043534081818919,0.7706369096225338
2016-06-16,9.824657534246576,145.187,145.187,0.0145187,0.024197833333333335,0.78841125696026,0.8038986573440838,0.8043671180028462,0.78841125696026
2016-06-20,9.813698630136987,136.012,136.012,0.0136012,0.02266866666666667,0.8005442556903952,0.8039408240623824,0.8043946066492187,0.8005442556903952
2016-06-30,9.786301369863013,157.11,157.11,0.015711000000000003,0.026185000000000007,0.77394512845856,0.8040464980595134,0.804463733113919,0.77394512845856
2016-07-05,9.772602739726027,155.496,155.496,0.0155496,0.025916,0.7762607690931893,0.8040994740229382,0.804498514716361,0.7762607690931893
2016-07-06,9.76986301369863,143.224,143.224,0.014322399999999999,0.023870666666666665,0.7919847492274994,0.8041100804127459,0.8045054886072146,0.7919847492274994
2016-07-13,9.75068493150685,144.623,144.623,0.014462299999999999,0.02410383333333333,0.7905480147346725,0.8041844302588466,0.8045544706025519,0.7905480147346725
2016-07-14,9.747945205479452,124.213,124.213,0.0124213,0.020702166666666667,0.8172554323412811,0.8041950667429272,0.8045614916439076,0.8172554323412811
2016-07-15,9.745205479452055,128.094,128.094,0.012809399999999999,0.021349,0.8121661091841772,0.8042057070116129,0.8045685186077817,0.8121661091841772
2016-07-27,9.712328767123287,127.329,127.329,0.0127329,0.0212215,0.8137434090812304,0.8043336872964805,0.8046533064694802,0.8137434090812304
2016-08-01,9.698630136986301,127.613,127.613,0.0127613,0.021268833333333334,0.8136064163210807,0.8043871755877176,0.8046888893741944,0.8136064163210807
2016-08-04,9.69041095890411,125.475,125.475,0.0125475,0.0209125,0.8165634015582723,0.8044193150494757,0.8047103115323984,0.8165634015582723
2016-08-11,9.67123287671233,125.623,125.623,0.0125623,0.020937166666666666,0.8166961076220042,0.8044944436297923,0.8047605089266113,0.8166961076220042
2016-08-12,9.668493150684931,131.157,131.157,0.013115700000000001,0.021859500000000004,0.8094919696679231,0.804505191961624,0.8047677043490357,0.8094919696679231
2016-08-22,9.64109589041096,123.188,123.188,0.0123188,0.020531333333333332,0.8204153410977658,0.804612892594498,0.8048399957937794,0.8204153410977658
2016-08-29,9.621917808219179,128.363,128.363,0.0128363,0.021393833333333334,0.813955399755329,0.8046885200406844,0.8048909669993471,0.813955399755329
2016-09-06,9.6,124.013,124.013,0.0124013,0.020668833333333334,0.8200247141259716,0.8047751930992699,0.8049495934489244,0.8200247141259716
2016-09-07,9.597260273972603,123.886,123.886,0.0123886,0.02064766666666667,0.8202377587547386,0.8047860454890586,0.8049569499410475,0.8202377587547386
2016-09-08,9.594520547945205,116.917,116.917,0.0116917,0.019486166666666666,0.8294765610398509,0.8047969019543073,0.8049643127194187,0.8294765610398509
2016-09-12,9.583561643835617,117.101,117.101,0.0117101,0.019516833333333334,0.8294099162225158,0.8048403686798994,0.804993826832206,0.8294099162225158
2016-09-14,9.578082191780823,107.548,107.548,0.0107548,0.01792466666666667,0.8422453390871943,0.8048621266386649,0.8050086217841823,0.8422453390871943
2016-10-03,9.526027397260274,125.181,125.181,0.012518099999999999,0.0208635,0.8197578619768415,0.805069654314083,0.8051504453445617,0.8197578619768415
2016-10-06,9.517808219178082,123.044,123.044,0.0123044,0.020507333333333336,0.8226825581664764,0.8051025601331347,0.8051730507039032,0.8226825581664764
2016-10-07,9.515068493150684,120.752,120.752,0.0120752,0.020125333333333332,0.8257246412741814,0.8051135372076703,0.8051805987898412,0.8257246412741814
2016-10-11,9.504109589041096,120.401,120.401,0.0120401,0.020066833333333332,0.8263661001737637,0.8051574879992567,0.8052108561530763,0.8263661001737637
2016-10-12,9.501369863013698,115.213,115.213,0.0115213,0.019202166666666666,0.8332288974802567,0.8051684863492001,0.8052184367842311,0.8332288974802567
2016-10-13,9.498630136986302,122.755,122.755,0.0122755,0.020459166666666667,0.8233828014686907,0.8051794889714645,0.8052260239457437,0.8233828014686907
2016-10-19,9.482191780821918,114.553,114.553,0.0114553,0.019092166666666667,0.8344056651370003,0.8052455947471704,0.8052716844519019,0.8344056651370003
2016-10-21,9.476712328767123,124.908,124.908,0.0124908,0.020818,0.8209556444314322,0.8052676644465695,0.8052869571874521,0.8209556444314322
2016-10-26,9.463013698630137,114.663,114.663,0.0114663,0.019110500000000002,0.8345664393531742,0.805322914475925,0.8053252545612171,0.8345664393531742
2016-10-27,9.46027397260274,110.855,110.855,0.0110855,0.018475833333333334,0.8396363099841408,0.8053339775196048,0.8053329338996792,0.8396363099841408
2016-11-08,9.427397260273972,113.021,113.021,0.0113021,0.018836833333333334,0.8372920781854716,0.8054670757837372,0.8054256058148836,0.8372920781854716
2016-11-09,9.424657534246576,115.911,115.911,0.0115911,0.019318500000000002,0.8335427848330589,0.80547819596394,0.8054333720170578,0.8335427848330589
2016-11-10,9.421917808219177,113.115,113.115,0.011311499999999999,0.018852499999999998,0.8372549078301881,0.805489320580909,0.8054411449523083,0.8372549078301881
2016-11-14,9.41095890410959,111.26,111.26,0.011126,0.018543333333333335,0.8398679953008945,0.805533863536387,0.8054723041715136,0.8398679953008945
2016-11-17,9.402739726027397,111.842,111.842,0.0111842,0.018640333333333335,0.8392302278237307,0.805567317633413,0.8054957446449972,0.8392302278237307
2016-11-18,9.4,108.234,108.234,0.010823399999999999,0.018039,0.8440305401744712,0.8055784779608741,0.8055035717107488,0.8440305401744712
2016-11-30,9.367123287671232,109.0,109.0,0.0109,0.018166666666666668,0.8435219064884459,0.8057127539275689,0.8055980290103356,0.8435219064884459
2016-12-06,9.35068493150685,118.467,118.467,0.0118467,0.0197445,0.831416340108291,0.8057801377226338,0.8056456288878486,0.831416340108291
2016-12-08,9.345205479452055,122.048,122.048,0.0122048,0.020341333333333333,0.8268814532775912,0.8058026357330688,0.8056615509131339,0.8268814532775912
2016-12-09,9.342465753424657,109.511,109.511,0.0109511,0.018251833333333335,0.8432286468078755,0.8058138916559994,0.8056695223473673,0.8432286468078755
2017-01-04,9.271232876712329,167.704,167.704,0.0167704,0.02795066666666667,0.7717171827034052,0.8061081857254004,0.8058792443425209,0.7717171827034052
2017-01-05,9.26849315068493,163.705,163.705,0.0163705,0.02728416666666667,0.7765586470053656,0.806119568608047,0.8058874063456091,0.7765586470053656
2017-01-06,9.265753424657534,165.799,165.799,0.0165799,0.02763316666666667,0.7741093713853836,0.806130956282413,0.8058955755158909,0.7741093713853836
2017-01-12,9.24931506849315,166.033,166.033,0.016603299999999998,0.027672166666666664,0.7741817699032869,0.8061993833181518,0.805944741490694,0.7741817699032869
2017-01-24,9.216438356164383,170.521,170.521,0.017052099999999997,0.028420166666666663,0.7695628026488249,0.806336761234036,0.806043855202148,0.7695628026488249
2017-01-25,9.213698630136987,156.396,156.396,0.0156396,0.026066000000000002,0.7864986535058018,0.8063482411922247,0.8060521620574365,0.7864986535058018
2017-01-26,9.210958904109589,152.994,152.994,0.0152994,0.025499,0.7906734398916605,0.8063597260734113,0.8060604762393544,0.7906734398916605
2017-01-31,9.197260273972603,153.556,153.556,0.0153556,0.02559266666666667,0.7902685801402466,0.8064172245576987,0.806102157331243,0.7902685801402466
2017-02-06,9.180821917808219,162.688,162.688,0.0162688,0.02711466666666667,0.7796307054011791,0.8064863865953655,0.8061524181134773,0.7796307054011791
2017-02-08,9.175342465753424,154.436,154.436,0.0154436,0.025739333333333333,0.7896486350852777,0.8065094805640323,0.8061692310134876,0.7896486350852777
2017-02-15,9.156164383561643,147.787,147.787,0.0147787,0.02463116666666667,0.7980955028319179,0.8065904678488824,0.8062283109714355,0.7980955028319179
2017-03-08,9.098630136986301,155.123,155.123,0.0155123,0.025853833333333333,0.7903855084849195,0.806834928223976,0.8064077667411439,0.7903855084849195
2017-03-09,9.095890410958905,152.087,152.087,0.015208699999999999,0.025347833333333333,0.7940879035078484,0.8068466259986898,0.8064163960507185,0.7940879035078484
2017-03-21,9.063013698630137,146.074,146.074,0.014607400000000001,0.024345666666666668,0.8020012516128748,0.8069874083076485,0.806520549442753,0.8020012516128748
2017-03-22,9.06027397260274,146.35,146.35,0.014634999999999999,0.024391666666666666,0.8017205424506291,0.8069991744669993,0.8065292792912825,0.8017205424506291
2017-03-23,9.057534246575342,144.491,144.491,0.014449100000000001,0.024081833333333337,0.8040273201157738,0.8070109459367025,0.8065380169336254,0.8040273201157738
2017-03-28,9.043835616438356,142.168,142.168,0.0142168,0.023694666666666666,0.8071137469123697,0.807069883192548,0.8065818223549397,0.8071137469123697
2017-04-05,9.021917808219179,145.992,145.992,0.0145992,0.024332,0.8029030523762074,0.8071644615705165,0.8066523194616821,0.8029030523762074
2017-04-11,9.005479452054795,145.471,145.471,0.0145471,0.02424516666666667,0.8038526078100738,0.8072356224519726,0.8067055245020077,0.8038526078100738
2017-04-26,8.964383561643835,155.449,155.449,0.0155449,0.02590816666666667,0.7927473222414314,0.8074143875000418,0.8068397963196229,0.7927473222414314
2017-05-03,8.945205479452055,155.085,155.085,0.015508500000000001,0.025847500000000002,0.7935718470484037,0.8074982383896094,0.8069030785254057,0.7935718470484037
2017-05-04,8.942465753424658,146.687,146.687,0.014668700000000002,0.024447833333333335,0.8036238943666701,0.8075102395115912,0.8069121514292451,0.8036238943666701
2017-05-18,8.904109589041095,145.696,145.696,0.0145696,0.024282666666666668,0.8055616643928555,0.8076788497158298,0.8070400345385956,0.8055616643928555
2017-06-08,8.846575342465753,146.87,146.87,0.014687,0.024478333333333335,0.8052927362986833,0.8079338799401158,0.8072349184165976,0.8052927362986833
2017-06-09,8.843835616438357,139.573,139.573,0.0139573,0.023262166666666667,0.8140554636959728,0.8079460885763403,0.8072442913989288,0.8140554636959728
2017-06-14,8.830136986301369,142.097,142.097,0.0142097,0.023682833333333334,0.8112957139329253,0.8080072205683062,0.807291284125651,0.8112957139329253
2017-06-20,8.813698630136987,139.905,139.905,0.0139905,0.0233175,0.814229169323017,0.8080807754053081,0.8073479578477141,0.814229169323017
2017-07-25,8.717808219178082,119.209,119.209,0.0119209,0.019868166666666666,0.8409636295065362,0.8085142065392245,0.8076848019507489,0.8409636295065362
2017-08-15,8.66027397260274,130.752,130.752,0.0130752,0.021792000000000002,0.8280144356317768,0.8087779410766684,0.807892147963413,0.8280144356317768
2017-08-22,8.64109589041096,126.876,126.876,0.0126876,0.021146,0.8329975202598723,0.8088664828782579,0.8079621572613549,0.8329975202598723
2017-09-05,8.602739726027398,135.23,135.23,0.013522999999999999,0.02253833333333333,0.8237473455854788,0.8090445300328473,0.8081035379824003,0.8237473455854788
2017-09-15,8.575342465753424,114.549,114.549,0.0114549,0.0190915,0.848982970916779,0.8091725042573252,0.8082056491155559,0.848982970916779
2017-09-19,8.564383561643835,120.055,120.055,0.0120055,0.020009166666666668,0.84251300718277,0.8092238824441069,0.8082467588076335,0.84251300718277
2017-09-21,8.558904109589042,109.579,109.579,0.0109579,0.018263166666666667,0.8552917054759211,0.809249612222961,0.8082673708317307,0.8552917054759211
2017-09-22,8.556164383561644,118.276,118.276,0.011827599999999999,0.019712666666666667,0.8447920163328635,0.8092624873160158,0.8082776911758003,0.8447920163328635
2017-09-26,8.545205479452054,111.459,111.459,0.0111459,0.018576500000000003,0.8532181586746953,0.8093140559283131,0.8083190683497546,0.8532181586746953
2017-09-29,8.536986301369863,107.381,107.381,0.0107381,0.017896833333333334,0.8583142215080098,0.8093528042995812,0.8083502021197304,0.8583142215080098
2017-10-03,8.526027397260274,105.882,105.882,0.0105882,0.017647000000000003,0.8603131694659896,0.8094045651559001,0.8083918488879541,0.8603131694659896
2017-10-18,8.484931506849316,67.4798,67.4798,0.00674798,0.011246633333333334,0.908984793728598,0.8095996590171407,0.8085494105373083,0.908984793728598
2017-10-19,8.482191780821918,71.1657,71.1657,0.00711657,0.01186095,0.9042884816723451,0.8096127213956528,0.8085599930586589,0.9042884816723451
2017-10-23,8.471232876712328,78.0725,78.0725,0.007807250000000001,0.013012083333333336,0.8956295607775852,0.8096650416983668,0.8086024218958454,0.8956295607775852
2017-10-24,8.468493150684932,59.7366,59.7366,0.00597366,0.0099561,0.9191433678012556,0.8096781395193545,0.8086130538487538,0.9191433678012556
2017-10-25,8.465753424657533,76.1127,76.1127,0.007611270000000001,0.012685450000000001,0.8981736171526035,0.8096912444577691,0.8086236957214201,0.8981736171526035
2017-10-27,8.46027397260274,65.415,65.415,0.0065415000000000004,0.0109025,0.9118879694339227,0.8097174757255926,0.8086450092707608,0.9118879694339227
2017-11-01,8.446575342465753,71.1244,71.1244,0.007112439999999999,0.011854066666666666,0.9047231739483007,0.8097831791289991,0.8086984675241362,0.9047231739483007
2017-11-14,8.41095890410959,80.9041,80.9041,0.00809041,0.013484016666666666,0.8927814096954084,0.80995485288285,0.8088386336402213,0.8927814096954084
2017-11-15,8.408219178082192,87.1392,87.1392,0.00871392,0.0145232,0.8850472471694083,0.8099681095427479,0.8088494864312668,0.8850472471694083
2017-12-01,8.364383561643836,74.7527,74.7527,0.00747527,0.012458783333333334,0.9010360216750556,0.8101812202535944,0.8090245218919623,0.9010360216750556
2017-12-08,8.345205479452055,75.9637,75.9637,0.00759637,0.012660616666666668,0.8997346004094553,0.8102750570610295,0.8091019306131622,0.8997346004094553
2017-12-20,8.312328767123288,72.7458,72.7458,0.00727458,0.012124300000000001,0.9041308643016652,0.8104367846777377,0.8092358232868765,0.9041308643016652
2018-01-11,8.252054794520548,94.4815,94.4815,0.009448149999999999,0.015746916666666666,0.8781442375426777,0.8107361748142858,0.809485264820057,0.8781442375426777
2018-01-12,8.24931506849315,96.657,96.657,0.0096657,0.0161095,0.8755593487948685,0.8107498737241314,0.8094967268156541,0.8755593487948685
2018-01-16,8.238356164383562,95.0119,95.0119,0.00950119,0.01583531666666667,0.8776942517054688,0.8108047488213701,0.8095426835023192,0.8776942517054688
2018-01-29,8.202739726027398,93.6116,93.6116,0.00936116,0.015601933333333335,0.8798722096547931,0.8109839781005796,0.8096932521232262,0.8798722096547931
2018-01-31,8.197260273972603,98.4134,98.4134,0.009841339999999999,0.016402233333333332,0.8741936365859994,0.8110116730398731,0.8097165818800116,0.8741936365859994
2018-02-01,8.194520547945206,91.4005,91.4005,0.009140049999999999,0.015233416666666664,0.8826464579824684,0.8110255327180493,0.8097282633939921,0.8826464579824684
2018-02-06,8.180821917808219,95.4116,95.4116,0.00954116,0.015901933333333333,0.8780156290642891,0.811094953638044,0.8097868378241069,0.8780156290642891
2018-02-07,8.178082191780822,87.2633,87.2633,0.008726330000000001,0.014543883333333335,0.887860117898252,0.8111088624057741,0.8097985861706717,0.887860117898252
2018-02-08,8.175342465753424,114.465,114.465,0.0114465,0.0190775,0.8555890534239278,0.8111227793941224,0.8098103457003212,0.8555890534239278
2018-02-14,8.158904109589042,112.828,112.828,0.0112828,0.018804666666666667,0.8577646891781221,0.8112064545849696,0.8098811384354965,0.8577646891781221
2018-02-21,8.139726027397261,99.8776,99.8776,0.00998776,0.016646266666666666,0.8732826123481096,0.8113044534318967,0.8099642430477815,0.8732826123481096
2018-02-26,8.126027397260273,111.725,111.725,0.0111725,0.018620833333333333,0.8595782630429601,0.8113747037427701,0.8100239440986553,0.8595782630429601
2018-02-28,8.12054794520548,100.721,100.721,0.0100721,0.016786833333333334,0.8725648640383225,0.8114028628382277,0.8100479044179496,0.8725648640383225
2018-03-01,8.117808219178082,99.9211,99.9211,0.00999211,0.016653516666666666,0.8735498738478562,0.811416955068539,0.8100599017507633,0.8735498738478562
2018-03-05,8.106849315068493,104.722,104.722,0.0104722,0.017453666666666666,0.8680601706820592,0.8114734088092852,0.810108005874017,0.8680601706820592
2018-03-06,8.104109589041096,97.6653,97.6653,0.00976653,0.016277550000000002,0.8764154442494517,0.811487543507138,0.8101200606681789,0.8764154442494517
2018-03-22,8.06027397260274,113.775,113.775,0.0113775,0.0189625,0.8582645057824823,0.8117148664487851,0.8103145146263468,0.8582645057824823
2018-03-23,8.057534246575342,117.367,117.367,0.011736700000000001,0.019561166666666668,0.8541787736116736,0.8117291477170866,0.8103267672524374,0.8541787736116736
2018-03-28,8.043835616438356,124.937,124.937,0.0124937,0.020822833333333336,0.8457804669329115,0.8118006852145077,0.8103882070035682,0.8457804669329115
2018-04-02,8.03013698630137,133.151,133.151,0.013315100000000002,0.022191833333333338,0.8367721551296168,0.8118724423993754,0.8104499423550738,0.8367721551296168
2018-04-03,8.027397260273972,124.211,124.211,0.0124211,0.020701833333333333,0.846892221150767,0.8118868203306956,0.8104623250458668,0.846892221150767
2018-04-04,8.024657534246575,112.699,112.699,0.0112699,0.018783166666666667,0.8600811962830839,0.811901207121549,0.81047471964176,0.8600811962830839
2018-04-05,8.021917808219179,118.917,118.917,0.0118917,0.0198195,0.8530045477734838,0.8119156027840047,0.8104871261563308,0.8530045477734838
2018-04-09,8.01095890410959,128.916,128.916,0.0128916,0.021486,0.8418752262992379,0.811973274391816,0.8105368716735022,0.8418752262992379
2018-04-10,8.008219178082191,114.383,114.383,0.0114383,0.019063833333333335,0.8584152212476,0.811987714593903,0.8105493379856902,0.8584152212476
2018-04-11,8.005479452054795,122.279,122.279,0.0122279,0.020379833333333333,0.8494634730361489,0.8120021637403564,0.8105618162983633,0.8494634730361489
2018-04-12,8.002739726027396,113.797,113.797,0.0113797,0.018966166666666666,0.8591761659453696,0.8120166218433624,0.8105743066252138,0.8591761659453696
2018-04-13,8.0,115.726,115.726,0.0115726,0.019287666666666668,0.8570137352927953,0.8120310889151234,0.8105868089799506,0.8570137352927953
2018-04-19,7.983561643835617,115.753,115.753,0.0115753,0.01929216666666667,0.8572547027257704,0.8121180803750032,0.8106620764637857,0.8572547027257704
2018-04-26,7.964383561643835,115.673,115.673,0.0115673,0.019278833333333335,0.8576630062224709,0.8122199825875033,0.8107504403970881,0.8576630062224709
2018-05-03,7.945205479452055,121.107,121.107,0.0121107,0.0201845,0.851828554086343,0.8123223327300958,0.8108394031903556,0.851828554086343
2018-05-16,7.909589041095891,108.951,108.951,0.0108951,0.0181585,0.8662114145113499,0.812513614617075,0.8110062250413458,0.8662114145113499
2018-05-23,7.890410958904109,109.92,109.92,0.010992,0.01832,0.8654096253994569,0.8126172683419299,0.8110969254836595,0.8654096253994569
2018-05-24,7.887671232876713,120.404,120.404,0.0120404,0.020067333333333333,0.8536068724813776,0.8126321138488797,0.8111099329925591,0.8536068724813776
2018-05-25,7.884931506849315,115.333,115.333,0.0115333,0.01922216666666667,0.8593616201057384,0.8126469688525235,0.8111229531203658,0.8593616201057384
2018-06-04,7.857534246575343,109.617,109.617,0.010961700000000001,0.018269500000000004,0.866274694159758,0.8127960440638533,0.8112538516241462,0.866274694159758
2018-06-11,7.838356164383562,121.611,121.611,0.012161100000000001,0.020268500000000002,0.8531057867246179,0.8129009695215496,0.8113462400478111,0.8531057867246179
2018-06-22,7.808219178082192,117.185,117.185,0.0117185,0.019530833333333334,0.8585580118757923,0.8130668176598044,0.8114926990906323,0.8585580118757923
2018-06-25,7.8,129.005,129.005,0.012900499999999999,0.021500833333333334,0.8456019824490417,0.8131122556870879,0.8115329155746915,0.8456019824490417
2018-07-05,7.772602739726027,121.42,121.42,0.012142,0.020236666666666667,0.8544548884189552,0.8132643626280849,0.8116678236434907,0.8544548884189552
2018-07-20,7.7315068493150685,122.925,122.925,0.0122925,0.0204875,0.8535089534090188,0.813494412870226,0.8118726731878008,0.8535089534090188
2018-08-03,7.693150684931507,113.665,113.665,0.0113665,0.018944166666666668,0.8643821292180599,0.8137112090776735,0.8120665996592111,0.8643821292180599
2018-08-07,7.682191780821918,105.916,105.916,0.0105916,0.017652666666666667,0.8731820852022516,0.8137735257602585,0.8121224981484289,0.8731820852022516
2018-08-16,7.657534246575342,110.066,110.066,0.0110066,0.018344333333333334,0.8689476816799463,0.8139143550395418,0.8122490757935337,0.8689476816799463
2018-08-22,7.641095890410959,115.404,115.404,0.0115404,0.019234,0.8633208794949234,0.8140087197587647,0.8123340854568292,0.8633208794949234
2018-08-23,7.638356164383562,107.574,107.574,0.0107574,0.017929,0.8720154933121158,0.8140244847025804,0.8123483026101123,0.8720154933121158
2018-09-11,7.586301369863014,109.736,109.736,0.0109736,0.018289333333333335,0.8704470101459255,0.8143260780686223,0.8126211084231644,0.8704470101459255
2018-09-28,7.53972602739726,108.77,108.77,0.010877,0.018128333333333333,0.8722469752590745,0.8145992978941873,0.8128695757186972,0.8722469752590745
2018-10-11,7.504109589041096,109.349,109.349,0.010934900000000001,0.018224833333333336,0.8721785240821696,0.8148104286320201,0.8130624229317162,0.8721785240821696
2018-10-18,7.484931506849315,109.578,109.578,0.0109578,0.018263,0.872234207887201,0.8149249167845383,0.8131672988425914,0.872234207887201
2018-10-19,7.482191780821918,105.013,105.013,0.0105013,0.017502166666666666,0.8772576294228297,0.8149413185239556,0.8131823407436265,0.8772576294228297
2018-10-22,7.473972602739726,112.29,112.29,0.011229000000000001,0.018715000000000002,0.8694665665657798,0.8149905935238171,0.8132275562681276,0.8694665665657798
2018-10-24,7.468493150684932,106.168,106.168,0.010616800000000001,0.017694666666666668,0.8762073660679711,0.8150235018339662,0.813257774975391,0.8762073660679711
2018-11-16,7.405479452054794,110.712,110.712,0.0110712,0.018452,0.8722790394879044,0.8154053433053625,0.8136096508646483,0.8722790394879044
2018-11-26,7.3780821917808215,105.035,105.035,0.010503499999999999,0.01750583333333333,0.8788338004428414,0.815573341591767,0.8137651770850809,0.8788338004428414
2018-11-27,7.375342465753425,114.581,114.581,0.0114581,0.019096833333333334,0.8686233422332856,0.8155902084550873,0.8137808153772621,0.8686233422332856
2018-11-28,7.372602739726028,110.511,110.511,0.0110511,0.0184185,0.8730239550827751,0.8156070875731756,0.8137964693180411,0.8730239550827751
2018-11-29,7.36986301369863,117.907,117.907,0.0117907,0.019651166666666667,0.8651724684853678,0.8156239789627675,0.8138121389255412,0.8651724684853678
2018-11-30,7.367123287671233,122.303,122.303,0.0122303,0.020383833333333334,0.8605614849977115,0.8156408826406216,0.8138278242179086,0.8605614849977115
2018-12-12,7.3342465753424655,121.128,121.128,0.0121128,0.020188,0.8623761195815288,0.815844691390977,0.8140172777812826,0.8623761195815288
2018-12-13,7.331506849315068,130.356,130.356,0.0130356,0.021726,0.8527538713873328,0.8158617563517931,0.8140331686382873,0.8527538713873328
2018-12-14,7.328767123287672,134.238,134.238,0.0134238,0.022373,0.8487704494006991,0.8158788338379244,0.8140490754365344,0.8487704494006991
2018-12-19,7.315068493150685,159.885,159.885,0.0159885,0.0266475,0.8228936675613672,0.8159644097478909,0.8141288491940055,0.8228936675613672
2018-12-20,7.3123287671232875,160.888,160.888,0.0160888,0.026814666666666667,0.8219484009628705,0.8159815627459928,0.814144852028583,0.8219484009628705
2018-12-31,7.282191780821917,156.262,156.262,0.0156262,0.026043666666666666,0.8272445044624478,0.8161710841439691,0.8143219480118952,0.8272445044624478
2019-01-02,7.276712328767124,161.094,161.094,0.0161094,0.026849,0.8225282509153177,0.8162057087785395,0.8143543581535095,0.8225282509153177
2019-01-03,7.273972602739726,151.592,151.592,0.015159200000000001,0.025265333333333338,0.8321193969846574,0.8162230403949966,0.8143705876876017,0.8321193969846574
2019-01-07,7.263013698630137,162.931,162.931,0.0162931,0.02715516666666667,0.8210031379017597,0.8162924959325435,0.8144356693546522,0.8210031379017597
2019-01-14,7.243835616438356,147.652,147.652,0.0147652,0.024608666666666668,0.8367238961648469,0.816414542772208,0.814550194795552,0.8367238961648469
2019-01-15,7.241095890410959,153.543,153.543,0.015354300000000001,0.025590500000000002,0.8308522777379787,0.8164320302307557,0.8145666215952269,0.8308522777379787
2019-01-16,7.238356164383561,159.496,159.496,0.0159496,0.02658266666666667,0.8249645946596464,0.8164495307917559,0.8145830649580429,0.8249645946596464
2019-01-25,7.213698630136986,154.681,154.681,0.015468100000000002,0.02578016666666667,0.8302982104946282,0.8166076284128609,0.814731803746887,0.8302982104946282
2019-01-31,7.197260273972603,149.827,149.827,0.0149827,0.024971166666666666,0.8355007896330439,0.8167136237322584,0.8148317161155797,0.8355007896330439
2019-02-05,7.183561643835616,137.944,137.944,0.013794399999999998,0.022990666666666666,0.8477623999124976,0.816802321274631,0.8149154402740506,0.8477623999124976
2019-03-08,7.098630136986301,133.714,133.714,0.0133714,0.02228566666666667,0.8536809882640748,0.8173598598974676,0.8154440968293629,0.8536809882640748
2019-03-14,7.082191780821918,128.542,128.542,0.0128542,0.021423666666666667,0.859223232434085,0.8174693144232359,0.8155483517707177,0.859223232434085
2019-03-15,7.079452054794521,113.436,113.436,0.0113436,0.018906000000000003,0.8747264058495002,0.8174876063699017,0.8155657894895553,0.8747264058495002
2019-04-23,6.972602739726027,116.049,116.049,0.011604900000000001,0.019341500000000005,0.8738377197668131,0.8182122639475576,0.8162599038085495,0.8738377197668131
2019-04-26,6.964383561643835,116.004,116.004,0.0116004,0.019334,0.8740222973754305,0.8182689352471681,0.8163144506032827,0.8740222973754305
2019-05-01,6.950684931506849,121.996,121.996,0.0121996,0.020332666666666666,0.8682062652136514,0.818363688497844,0.8164057348144825,0.8682062652136514
2019-05-15,6.912328767123288,118.72,118.72,0.011872,0.019786666666666668,0.872169105799727,0.8186310200012965,0.816663831652032,0.872169105799727
2019-05-22,6.8931506849315065,110.972,110.972,0.0110972,0.018495333333333332,0.8803012331960326,0.8187658167134022,0.8167942762960252,0.8803012331960326
2019-05-28,6.876712328767123,115.218,115.218,0.0115218,0.019203,0.8762941060882532,0.8188819642730049,0.8169068346730765,0.8762941060882532
2019-05-31,6.868493150684931,117.17,117.17,0.011717,0.019528333333333335,0.8744761796258257,0.8189402498860503,0.8169633746413485,0.8744761796258257
2019-06-03,6.86027397260274,119.745,119.745,0.0119745,0.019957500000000003,0.8720452904711475,0.8189986774951042,0.8170200892777653,0.8720452904711475
2019-06-05,6.854794520547945,119.071,119.071,0.0119071,0.019845166666666667,0.8728124852639696,0.8190377084091353,0.8170579963763736,0.8728124852639696
2019-06-07,6.8493150684931505,119.94,119.94,0.011994,0.01999,0.8720418978631922,0.8190768028651818,0.817095981560627,0.8720418978631922
2019-06-10,6.841095890410959,113.919,113.919,0.0113919,0.0189865,0.8781933728917732,0.8191355640711226,0.8171531061479023,0.8781933728917732
2019-06-20,6.813698630136987,115.174,115.174,0.0115174,0.01919566666666667,0.8773989493832598,0.8193324777233502,0.8173448012730455,0.8773989493832598
2019-06-26,6.7972602739726025,112.967,112.967,0.0112967,0.018827833333333335,0.8798730145574374,0.8194514028031001,0.81746077049181,0.8798730145574374
2019-06-28,6.791780821917809,123.155,123.155,0.0123155,0.020525833333333333,0.8698739514793234,0.8194911750430329,0.8174995867066771,0.8698739514793234
2019-07-05,6.772602739726027,103.894,103.894,0.0103894,0.017315666666666667,0.8893431419407007,0.8196308954359355,0.8176360764017148,0.8893431419407007
2019-07-17,6.739726027397261,103.932,103.932,0.0103932,0.017322,0.889811590933843,0.8198723071883467,0.8178723682718323,0.889811590933843
2019-07-22,6.726027397260274,106.537,106.537,0.0106537,0.017756166666666667,0.8874274890313189,0.8199736081766136,0.8179716923393663,0.8874274890313189
2019-07-26,6.715068493150685,100.177,100.177,0.010017700000000001,0.016696166666666668,0.8939406413262918,0.8200549537412674,0.8180515227234944,0.8939406413262918
2019-08-22,6.641095890410959,105.949,105.949,0.010594899999999999,0.017658166666666666,0.8893454128143076,0.8206112398095364,0.8185991292102142,0.8893454128143076
2019-08-27,6.627397260273972,130.119,130.119,0.0130119,0.0216865,0.8661258560347724,0.820715655544448,0.8187022344617961,0.8661258560347724
2019-09-10,6.589041095890411,106.712,106.712,0.0106712,0.017785333333333334,0.8894177069456667,0.8210103959975983,0.8189938010362645,0.8894177069456667
2019-09-12,6.583561643835616,92.7276,92.7276,0.00927276,0.0154546,0.9032586686886205,0.8210527904075304,0.8190358017457113,0.9032586686886205
2019-09-17,6.5698630136986305,97.0253,97.0253,0.009702530000000001,0.016170883333333337,0.899208372968744,0.8211590951558227,0.8191411876640452,0.899208372968744
2019-10-11,6.504109589041096,104.581,104.581,0.0104581,0.017430166666666667,0.8928222963512211,0.821675786425355,0.8196547726999424,0.8928222963512211
2019-10-15,6.493150684931507,104.545,104.545,0.0104545,0.017424166666666668,0.8930276462609318,0.8217629517835647,0.8197416307499894,0.8930276462609318
2019-10-16,6.49041095890411,98.7607,98.7607,0.00987607,0.01646011666666667,0.8986758097657058,0.8217847906269877,0.819763402179517,0.8986758097657058
2019-10-24,6.468493150684932,86.3128,86.3128,0.00863128,0.014385466666666668,0.9111458528622256,0.8219601894986004,0.8199383974169603,0.9111458528622256
2019-10-30,6.4520547945205475,96.3851,96.3851,0.00963851,0.016064183333333332,0.9015434941356356,0.8220925469765843,0.820070610628223,0.9015434941356356
2019-11-15,6.4082191780821915,96.0928,96.0928,0.00960928,0.016015466666666665,0.902460262117461,0.8224489342114574,0.8204272785476804,0.902460262117461
2019-11-19,6.397260273972603,96.69,96.69,0.009669,0.016115,0.9020441175420862,0.8225388207715092,0.8205173867678477,0.9020441175420862
2020-01-07,6.263013698630137,87.2414,87.2414,0.00872414,0.014540233333333335,0.9129577453650364,0.823666391135483,0.8216526110744576,0.9129577453650364
2020-01-10,6.254794520547946,81.5684,81.5684,0.00815684,0.013594733333333334,0.9184826504018007,0.8237370566022473,0.8217240427427533,0.9184826504018007
2020-01-23,6.219178082191781,82.9214,82.9214,0.00829214,0.013820233333333334,0.9176396603820127,0.8240455128376247,0.8220362172895055,0.9176396603820127
2020-01-27,6.208219178082191,99.4171,99.4171,0.009941710000000001,0.01656951666666667,0.9022467918913363,0.8241411612088945,0.8221331400246839,0.9022467918913363
2020-01-28,6.205479452054795,89.9989,89.9989,0.00899989,0.014999816666666667,0.9111196473113952,0.8241651280695889,0.8221574350624457,0.9111196473113952
2020-02-26,6.126027397260274,97.4328,97.4328,0.00974328,0.0162388,0.9053086590567633,0.8248698460352466,0.8228733404084747,0.9053086590567633
2020-02-28,6.120547945205479,113.428,113.428,0.0113428,0.018904666666666667,0.8907362431625733,0.8249191471874626,0.8229235322736922,0.8907362431625733
2020-03-05,6.104109589041096,122.851,122.851,0.0122851,0.02047516666666667,0.8825122041658282,0.8250676017130267,0.8230747513133176,0.8825122041658282
2020-03-17,6.071232876712329,299.13,299.13,0.029913,0.049855,0.7388345142829986,0.8253670133333028,0.8233801078931506,0.7388345142829986
2020-03-30,6.035616438356165,391.596,391.596,0.0391596,0.065266,0.6744076408797857,0.825695195045349,0.8237153563115556,0.6744076408797857
2020-04-14,5.994520547945205,456.05,456.05,0.045605,0.07600833333333333,0.6340461623095389,0.8260788926779394,0.8241080179662691,0.6340461623095389
2020-04-23,5.96986301369863,699.925,699.925,0.0699925,0.11665416666666667,0.49837155041141995,0.826311740273943,0.8243466608824191,0.49837155041141995
2020-04-24,5.967123287671233,731.007,731.007,0.07310069999999999,0.12183449999999998,0.48335617139407094,0.8263377353371162,0.8243733191779193,0.48335617139407094
2020-04-29,5.953424657534247,762.858,762.858,0.0762858,0.127143,0.46910142719897624,0.8264680825129272,0.8245070404483067,0.46910142719897624
2020-05-05,5.936986301369863,731.233,731.233,0.07312329999999999,0.12187216666666666,0.4850257076340967,0.8266253217110107,0.8246684560255553,0.4850257076340967
2020-05-18,5.901369863013699,697.913,697.913,0.0697913,0.11631883333333334,0.5033646317276003,0.8269691190466952,0.8250217792829183,0.5033646317276003
2020-05-19,5.898630136986301,709.39,709.39,0.070939,0.11823166666666668,0.4978756797662338,0.8269957430240571,0.8250491630674818,0.4978756797662338
2020-05-20,5.895890410958904,738.626,738.626,0.0738626,0.12310433333333334,0.48393259018265716,0.8270223926085332,0.8250765763226612,0.48393259018265716
2020-05-29,5.8712328767123285,698.145,698.145,0.0698145,0.1163575,0.5050176097856619,0.8272633969943057,0.8253246275998828,0.5050176097856619
2020-06-01,5.863013698630137,699.381,699.381,0.0699381,0.11656350000000001,0.5048906553250723,0.8273441977973375,0.8254078469062497,0.5048906553250723
2020-06-29,5.786301369863014,587.58,587.58,0.058758000000000005,0.09793000000000002,0.5674217111007004,0.8281097820782437,0.8261976800692696,0.5674217111007004
2020-07-09,5.758904109589041,619.605,619.605,0.0619605,0.10326750000000001,0.5517238497157754,0.8283883095624005,0.8264856012916356,0.5517238497157754
2020-08-05,5.684931506849315,590.038,590.038,0.0590038,0.09833966666666667,0.571749529262898,0.8291541574245727,0.8272787377512597,0.571749529262898
2020-08-27,5.624657534246575,540.859,540.859,0.054085900000000006,0.09014316666666668,0.6022850495214997,0.8297935062551641,0.8279423956257521,0.6022850495214997
2020-09-22,5.553424657534246,439.205,439.205,0.0439205,0.07320083333333334,0.6659668977298058,0.830567459648013,0.8287474711351444,0.6659668977298058
2020-09-25,5.545205479452055,433.29,433.29,0.043329,0.072215,0.6700204707547106,0.8306580719072529,0.8288418407900308,0.6700204707547106
2020-09-29,5.534246575342466,423.308,423.308,0.0423308,0.07055133333333334,0.6767532995716171,0.8307793162292725,0.8289681484128061,0.6767532995716171
2020-10-06,5.515068493150685,419.592,419.592,0.041959199999999995,0.069932,0.6799882435469295,0.8309926782797714,0.8291905180609013,0.6799882435469295
2020-10-08,5.50958904109589,424.351,424.351,0.0424351,0.07072516666666667,0.6772826407287923,0.8310539174070091,0.8292543650781994,0.6772826407287923
2020-10-15,5.49041095890411,460.105,460.105,0.0460105,0.07668416666666668,0.6563719924854935,0.8312692363965849,0.8294789315608297,0.6563719924854935
2020-10-19,5.47945205479452,457.479,457.479,0.0457479,0.07624650000000001,0.6585011304498372,0.8313929657763299,0.8296080288639069,0.6585011304498372
2020-10-20,5.476712328767123,469.84,469.84,0.046984,0.07830666666666666,0.6512490877013549,0.8314239769560423,0.8296403915202663,0.6512490877013549
2020-10-21,5.473972602739726,441.453,441.453,0.0441453,0.0735755,0.6684790169213733,0.8314550197561614,0.8296727895935299,0.6684790169213733
2020-10-23,5.468493150684932,446.8,446.8,0.044680000000000004,0.07446666666666668,0.6654974608068746,0.8315172003910882,0.8297376921605248,0.6654974608068746
2020-10-29,5.4520547945205475,468.129,468.129,0.046812900000000005,0.07802150000000001,0.653523038089425,0.8317045057065549,0.829933254290307,0.653523038089425
2020-11-02,5.441095890410959,454.679,454.679,0.0454679,0.07577983333333334,0.6621088307019761,0.831830015589327,0.8300643444868214,0.6621088307019761
2020-11-17,5.4,380.77,380.77,0.038077,0.06346166666666667,0.7098561039359259,0.8323052877070547,0.8305610814388411,0.7098561039359259
2020-11-18,5.397260273972603,386.942,386.942,0.0386942,0.06449033333333333,0.706048664374686,0.8323372336992387,0.8305944886035292,0.706048664374686
2020-11-19,5.394520547945206,381.002,381.002,0.0381002,0.06350033333333334,0.7099548851783087,0.8323692125935368,0.8306279324370092,0.7099548851783087
2020-11-20,5.391780821917808,386.466,386.466,0.0386466,0.06441100000000001,0.7066003883026288,0.8324012244350627,0.8306614129832554,0.7066003883026288
2020-12-09,5.33972602739726,359.086,359.086,0.0359086,0.05984766666666667,0.7264612441424436,0.8330157698545755,0.8313045776728967,0.7264612441424436
2020-12-10,5.336986301369863,347.106,347.106,0.0347106,0.05785100000000001,0.7343643421877453,0.8330484502106795,0.8313388017933232,0.7343643421877453
2021-02-03,5.186301369863013,259.12,259.12,0.025912,0.04318666666666667,0.7993318654146773,0.8348994025026867,0.8332803811126505,0.7993318654146773
2021-02-08,5.1726027397260275,279.821,279.821,0.027982100000000003,0.04663683333333334,0.785657908764987,0.8350730325196274,0.8334628023868158,0.785657908764987
2021-02-16,5.1506849315068495,254.627,254.627,0.0254627,0.042437833333333334,0.8036560429010823,0.8353527575716028,0.8337567829678725,0.8036560429010823
2021-03-15,5.076712328767123,215.685,215.685,0.0215685,0.0359475,0.8331887128468352,0.8363145708131043,0.8347684186748807,0.8331887128468352
2021-06-03,4.857534246575343,180.745,180.745,0.0180745,0.030124166666666667,0.8638732941402915,0.8393338344394079,0.8379504340723591,0.8638732941402915
2021-06-15,4.824657534246575,179.912,179.912,0.017991200000000002,0.02998533333333334,0.8653086937005566,0.8398097968403907,0.8384527053055919,0.8653086937005566
2021-06-25,4.7972602739726025,161.962,161.962,0.016196199999999997,0.026993666666666662,0.8785384146633477,0.8402112476303311,0.8388764472148484,0.8785384146633477
2021-06-28,4.789041095890411,162.586,162.586,0.0162586,0.02709766666666667,0.8782958006729964,0.840332546315302,0.8390044977951123,0.8782958006729964
2021-07-28,4.706849315068493,183.614,183.614,0.0183614,0.030602333333333336,0.8658526182429938,0.8415678874700379,0.8403089730066611,0.8658526182429938
2021-07-30,4.701369863013698,163.852,163.852,0.0163852,0.027308666666666665,0.8795119369529549,0.8416517119736033,0.8403975095580222,0.8795119369529549
2021-08-17,4.652054794520548,147.102,147.102,0.0147102,0.024517,0.8922093939257473,0.8424145830763026,0.8412033581337359,0.8922093939257473
2021-08-25,4.63013698630137,155.63,155.63,0.015562999999999999,0.02593833333333333,0.8868334903774675,0.8427585823831489,0.8415667835912806,0.8868334903774675
2021-09-07,4.594520547945206,146.627,146.627,0.0146627,0.024437833333333336,0.8937938462846268,0.8433241888828714,0.842164377154352,0.8937938462846268
2021-09-10,4.586301369863014,148.775,148.775,0.0148775,0.024795833333333333,0.8925067838689992,0.8434558880478982,0.8423035309279235,0.8925067838689992
2021-09-27,4.53972602739726,142.307,142.307,0.014230699999999999,0.023717833333333334,0.897921648772357,0.8442106298277366,0.8431010244402772,0.897921648772357
2021-09-30,4.531506849315068,141.466,141.466,0.0141466,0.023577666666666667,0.8986673295478715,0.8443453258681322,0.843243353707717,0.8986673295478715
2021-10-12,4.498630136986302,146.738,146.738,0.0146738,0.024456333333333337,0.895816220429182,0.8448886955233468,0.843817518338983,0.895816220429182
2021-10-14,4.493150684931507,141.162,141.162,0.0141162,0.023527000000000003,0.8996851986124476,0.8449799759956804,0.8439139717045466,0.8996851986124476
2021-11-03,4.438356164383562,112.588,112.588,0.0112588,0.018764666666666666,0.9200895525273579,0.8459042542511314,0.8448906017630748,0.9200895525273579
2021-11-08,4.424657534246576,119.595,119.595,0.0119595,0.0199325,0.9155827910956413,0.8461386238364256,0.845138233472386,0.9155827910956413
2021-11-29,4.367123287671233,148.002,148.002,0.014800200000000001,0.024667,0.8978755283548654,0.8471376969604432,0.8461937468360381,0.8978755283548654
2021-12-13,4.328767123287672,139.012,139.012,0.0139012,0.023168666666666667,0.9045734588657076,0.8478172008061523,0.8469115234530383,0.9045734588657076
2021-12-22,4.304109589041096,135.336,135.336,0.013533600000000002,0.022556000000000003,0.9074802320998969,0.8482598241379811,0.847379015125592,0.9074802320998969
2022-02-09,4.16986301369863,160.969,160.969,0.0160969,0.02682816666666667,0.8941606876058218,0.8507519609608245,0.8500099727351913,0.8941606876058218
2022-03-10,4.090410958904109,143.143,143.143,0.0143143,0.02385716666666667,0.907024682422774,0.8522950663846293,0.8516377535929301,0.907024682422774
2022-03-15,4.076712328767123,190.698,190.698,0.0190698,0.031783000000000006,0.8784729631815441,0.8525664392896742,0.8519238986638686,0.8784729631815441
2022-03-17,4.071232876712329,195.011,195.011,0.0195011,0.032501833333333334,0.8760583922741383,0.852675433839035,0.8520388157109403,0.8760583922741383
2022-03-25,4.049315068493151,144.5,144.5,0.01445,0.02408333333333333,0.9070832884647109,0.8531139746297837,0.8525011228845477,0.9070832884647109
2022-05-13,3.915068493150685,252.737,252.737,0.0252737,0.04212283333333333,0.8479668146481837,0.8558919635062168,0.8554271324646915,0.8479668146481837
2022-05-16,3.9068493150684933,269.417,269.417,0.0269417,0.044902833333333336,0.8390973035171668,0.8560673216554191,0.8556116772793607,0.8390973035171668
2022-06-14,3.8273972602739725,265.163,265.163,0.0265163,0.044193833333333335,0.8443844685759948,0.8577950248990258,0.8574288149335534,0.8443844685759948
2022-06-17,3.819178082191781,400.451,400.451,0.0400451,0.06674183333333333,0.774994809529922,0.857977176964487,0.8576202788736645,0.774994809529922
2022-06-29,3.786301369863014,310.324,310.324,0.0310324,0.05172066666666667,0.8221519631088252,0.8587123357415645,0.8583927852554338,0.8221519631088252
2022-07-25,3.7150684931506848,352.593,352.593,0.0352593,0.058765500000000005,0.8038698849539115,0.860341817176191,0.8601036692882865,0.8038698849539115
2022-09-01,3.610958904109589,316.682,316.682,0.0316682,0.05278033333333334,0.8264733434156205,0.8628167508908797,0.8626984445128292,0.8264733434156205
2022-09-08,3.591780821917808,312.927,312.927,0.0312927,0.0521545,0.8291721107779412,0.8632851534396291,0.8631889948509122,0.8291721107779412
2022-09-14,3.5753424657534247,298.611,298.611,0.029861099999999998,0.0497685,0.836993117365423,0.863689807761814,0.8636126431504061,0.836993117365423
2022-09-26,3.5424657534246577,303.567,303.567,0.0303567,0.0505945,0.8359142160342721,0.864507985863322,0.8644688266141778,0.8359142160342721
2022-10-12,3.4986301369863013,342.395,342.395,0.0342395,0.057065833333333336,0.8190155208824303,0.865617574563591,0.8656290942306095,0.8190155208824303
2022-11-09,3.421917808219178,298.911,298.911,0.0298911,0.0498185,0.8432643292258113,0.8676120729759753,0.8677121489859724,0.8432643292258113
2022-11-16,3.4027397260273973,277.629,277.629,0.027762900000000004,0.04627150000000001,0.8543196385252988,0.8681214284925101,0.8682435899728672,0.8543196385252988
2023-01-26,3.208219178082192,274.988,274.988,0.0274988,0.045831333333333335,0.8632620684531265,0.8735424234397966,0.8738859982549716,0.8632620684531265
2023-02-03,3.186301369863014,211.1,211.1,0.02111,0.03518333333333334,0.8939506531093462,0.8741834696381032,0.8745515591685166,0.8939506531093462
2023-02-27,3.1205479452054794,215.901,215.901,0.0215901,0.0359835,0.8937865980132362,0.8761451059014463,0.8765860007912762,0.8937865980132362
2023-02-28,3.117808219178082,190.767,190.767,0.0190767,0.031794499999999996,0.9056257358047926,0.8762281129720326,0.8766720150224682,0.9056257358047926
2023-03-01,3.115068493150685,175.098,175.098,0.017509800000000002,0.029183000000000004,0.9131025854684314,0.8763112230353345,0.8767581299839133,0.9131025854684314
2023-03-06,3.1013698630136988,155.769,155.769,0.015576900000000001,0.025961500000000002,0.9226399440564852,0.8767283232001333,0.8771902200829507,0.9226399440564852
2023-03-15,3.0767123287671234,277.452,277.452,0.0277452,0.046242000000000005,0.8673841406675924,0.877485657723656,0.877974385724858,0.8673841406675924
2023-03-27,3.043835616438356,247.131,247.131,0.0247131,0.0411885,0.8821695364164301,0.8785087025213847,0.8790328840209035,0.8821695364164301
2023-04-04,3.021917808219178,230.666,230.666,0.0230666,0.03844433333333334,0.8903188557542181,0.8791992673594207,0.8797468662186314,0.8903188557542181
2023-04-11,3.0027397260273974,200.112,200.112,0.0200112,0.033352,0.9047040771374223,0.8798091822448402,0.8803771191243666,0.9047040771374223
2023-04-17,2.9863013698630136,218.504,218.504,0.0218504,0.036417333333333336,0.8969518184934733,0.880336219574172,0.8809214707621695,0.8969518184934733
2023-04-19,2.9808219178082194,225.565,225.565,0.0225565,0.03759416666666667,0.893989261181736,0.8805127771276275,0.8811037747115767,0.893989261181736
2023-04-24,2.967123287671233,232.317,232.317,0.0232317,0.038719500000000004,0.8914681843073833,0.8809561040684363,0.8815614113764182,0.8914681843073833
2023-05-02,2.9452054794520546,245.78,245.78,0.024578,0.04096333333333333,0.8863481729973364,0.8816712106965106,0.8822992412039311,0.8863481729973364
2023-05-31,2.8657534246575342,218.492,218.492,0.0218492,0.036415333333333334,0.9009032874934289,0.8843243035131259,0.8850327743662768,0.9009032874934289
2023-06-05,2.852054794520548,220.078,220.078,0.0220078,0.03667966666666667,0.9006735387363364,0.8847915579935849,0.8855135670315732,0.9006735387363364
2023-06-06,2.8493150684931505,207.092,207.092,0.0207092,0.034515333333333335,0.9063361100320889,0.8848853612225991,0.8856100654723666,0.9063361100320889
2023-06-26,2.7945205479452055,179.049,179.049,0.0179049,0.029841500000000003,0.9199898101433721,0.8867863847591876,0.8875640833915811,0.9199898101433721
2023-07-25,2.7150684931506848,161.032,161.032,0.0161032,0.02683866666666667,0.9297227846746178,0.8896292737780925,0.8904804672491183,0.9297227846746178
2023-08-08,2.6767123287671235,172.449,172.449,0.0172449,0.028741500000000003,0.9259521427219497,0.891039377737348,0.8919244851165072,0.9259521427219497
2023-08-14,2.66027397260274,149.607,149.607,0.0149607,0.024934500000000002,0.9358195576571607,0.891651387749391,0.8925506935647682,0.9358195576571607
2023-08-24,2.632876712328767,144.696,144.696,0.014469599999999999,0.024116,0.9384793233469214,0.8926817855549762,0.8936042872073735,0.9384793233469214
2023-08-29,2.6191780821917807,139.468,139.468,0.013946799999999999,0.023244666666666667,0.9409343373684352,0.8932018975847091,0.894135770959807,0.9409343373684352
2023-09-20,2.558904109589041,155.63,155.63,0.015562999999999999,0.02593833333333333,0.9357810902815659,0.8955299677836257,0.8965119894103075,0.9357810902815659
2023-10-25,2.463013698630137,233.725,233.725,0.0233725,0.03895416666666667,0.9085143044698137,0.8993704777626146,0.900422199928216,0.9085143044698137
2023-10-30,2.4493150684931506,230.808,230.808,0.0230808,0.038468,0.9100822926696672,0.8999332262643678,0.9009941558788792,0.9100822926696672
2023-11-06,2.43013698630137,266.667,266.667,0.026666699999999998,0.0444445,0.8976220102530629,0.9007271263014396,0.9018006122589534,0.8976220102530629
2023-11-07,2.4273972602739726,245.724,245.724,0.024572399999999998,0.040954,0.9053699562327452,0.9008411204236095,0.9019163678088976,0.9053699562327452
2023-11-20,2.3917808219178083,282.779,282.779,0.028277899999999998,0.04712983333333333,0.8933969968921119,0.9023363626282136,0.9034337536554422,0.8933969968921119
2023-11-27,2.372602739726027,253.28,253.28,0.025328,0.04221333333333333,0.9046967536082152,0.9031518371274463,0.904260555897618,0.9046967536082152
2023-12-05,2.350684931506849,252.967,252.967,0.025296700000000002,0.04216116666666667,0.9056452379826739,0.904092788605491,0.9052139252631359,0.9056452379826739
2024-01-03,2.271232876712329,201.256,201.256,0.0201256,0.03354266666666667,0.9266464226123853,0.9075856768066137,0.9087468536652428,0.9266464226123853
2024-01-18,2.23013698630137,230.566,230.566,0.0230566,0.038427666666666666,0.9178705046996258,0.90944395833315,0.9106225966147111,0.9178705046996258
2024-01-19,2.2273972602739724,181.051,181.051,0.0181051,0.030175166666666666,0.934996882838435,0.9095691209959071,0.9107488405328431,0.934996882838435
2024-01-23,2.2164383561643834,180.246,180.246,0.0180246,0.030041000000000005,0.935584300403123,0.9100713828418702,0.9112553215306847,0.935584300403123
2024-01-30,2.197260273972603,156.839,156.839,0.0156839,0.026139833333333334,0.9441822997379378,0.9109565783534553,0.9121474875272085,0.9441822997379378
2024-02-06,2.1780821917808217,143.598,143.598,0.0143598,0.023933000000000003,0.9492073215159831,0.9118497779042702,0.9130471214163729,0.9492073215159831
2024-02-09,2.16986301369863,148.385,148.385,0.0148385,0.024730833333333334,0.9477518993286784,0.9122350470547872,0.9134349809546868,0.9477518993286784
2024-02-12,2.1616438356164385,165.223,165.223,0.0165223,0.027537166666666668,0.9422114630076426,0.9126218066474501,0.9138242292059293,0.9422114630076426
2024-02-22,2.1342465753424658,118.384,118.384,0.0118384,0.019730666666666667,0.9587642073786828,0.913921848762184,0.9151318193906032,0.9587642073786828
2024-02-23,2.1315068493150684,132.922,132.922,0.0132922,0.02215366666666667,0.9538768611406154,0.91405277639406,0.9152634376311294,0.9538768611406154
2024-02-29,2.115068493150685,159.582,159.582,0.0159582,0.026597,0.9452985488129193,0.9148418954957743,0.9160564508065805,0.9452985488129193
2024-03-11,2.084931506849315,135.484,135.484,0.0135484,0.02258066666666667,0.9540118908778364,0.9163045655480898,0.9175251274700471,0.9540118908778364
2024-03-27,2.041095890410959,143.754,143.754,0.014375399999999998,0.023958999999999998,0.952273861003424,0.9184694979902144,0.9196960887103157,0.952273861003424
2024-03-28,2.0383561643835617,131.421,131.421,0.013142099999999999,0.0219035,0.9563348801294501,0.918606297478006,0.9198331553132106,0.9563348801294501
2024-04-03,2.021917808219178,134.65,134.65,0.013465000000000001,0.02244166666666667,0.9556388536234157,0.9194308175088384,0.9206590006173828,0.9556388536234157
2024-04-05,2.0164383561643837,137.72,137.72,0.013772,0.022953333333333333,0.9547707862234746,0.9197070816988526,0.9209355999118287,0.9547707862234746
2024-04-15,1.989041095890411,124.334,124.334,0.0124334,0.020722333333333336,0.9596203201422809,0.9210991723877868,0.9223285515272798,0.9596203201422809
2024-04-22,1.9698630136986301,129.176,129.176,0.0129176,0.021529333333333334,0.9584768803516296,0.9220844091829967,0.9233135675907764,0.9584768803516296
2024-05-10,1.9205479452054794,126.83,126.83,0.012683,0.021138333333333335,0.9602158436581785,0.9246592730466892,0.9258846397647921,0.9602158436581785
2024-06-25,1.7945205479452055,146.919,146.919,0.0146919,0.0244865,0.9570099146976085,0.9315192997665037,0.9327123582471881,0.9570099146976085
2024-06-28,1.7863013698630137,117.278,117.278,0.0117278,0.019546333333333336,0.9656868762263041,0.9319810990392101,0.9331708465558375,0.9656868762263041
2024-08-01,1.6931506849315068,182.138,182.138,0.018213800000000002,0.03035633333333334,0.9499006806137177,0.9373428765954097,0.9384839673784829,0.9499006806137177
2024-08-02,1.6904109589041096,207.838,207.838,0.020783799999999998,0.034639666666666666,0.9431261103548303,0.9375042010885262,0.9386435400616011,0.9431261103548303
2024-08-06,1.6794520547945206,219.624,219.624,0.0219624,0.036604000000000005,0.9403767717509717,0.9381516077543893,0.939283749629503,0.9403767717509717
2024-08-20,1.641095890410959,193.516,193.516,0.0193516,0.032252666666666666,0.9484466681844126,0.9404443330159515,0.9415488513862428,0.9484466681844126
2024-08-22,1.6356164383561644,177.057,177.057,0.017705699999999998,0.029509499999999998,0.9528800744407231,0.9407752999044543,0.9418755574266744,0.9528800744407231
2024-09-04,1.6,203.199,203.199,0.020319900000000002,0.03386650000000001,0.9472555216153691,0.9429477945484153,0.9440183890253654,0.9472555216153691
2024-09-09,1.5863013698630137,195.905,195.905,0.0195905,0.03265083333333334,0.9495243902013751,0.9437932486284029,0.9448515098980377,0.9495243902013751
2024-09-10,1.5835616438356164,158.438,158.438,0.015843799999999998,0.02640633333333333,0.9590461745426938,0.9439630038030804,0.9450187357687299,0.9590461745426938
2024-09-11,1.5808219178082192,196.253,196.253,0.0196253,0.03270883333333333,0.9496072122844087,0.9441329811409361,0.9451861627862043,0.9496072122844087
2024-09-17,1.5643835616438355,196.557,196.557,0.019655699999999998,0.0327595,0.9500426285012721,0.9451575277179243,0.9461949629841104,0.9500426285012721
2024-09-27,1.536986301369863,151.374,151.374,0.015137399999999999,0.025228999999999998,0.9619655619006716,0.946883083107418,0.9478925558269736,0.9619655619006716
2024-10-02,1.5232876712328767,171.295,171.295,0.0171295,0.028549166666666667,0.957443475004941,0.947754369253246,0.9487490402449079,0.957443475004941
2024-10-03,1.5205479452054795,149.921,149.921,0.0149921,0.024986833333333333,0.962719027102523,0.9479293121561159,0.9489209562500166,0.962719027102523
2024-11-06,1.4273972602739726,149.97,149.97,0.014997,0.024995,0.9649511559494891,0.9540158838037456,0.9548909488716295,0.9649511559494891
2024-11-07,1.4246575342465753,94.7383,94.7383,0.009473829999999999,0.015789716666666665,0.97775618578792,0.954199042206342,0.9550702640331895,0.97775618578792
2024-11-08,1.4219178082191781,108.659,108.659,0.010865900000000001,0.018109833333333335,0.9745780269669602,0.9543824411879628,0.955249795361465,0.9745780269669602
2024-11-26,1.3726027397260274,94.4853,94.4853,0.00944853,0.015747550000000003,0.9786168025625324,0.9577251409158647,0.9585186317280918,0.9786168025625324
2024-11-27,1.36986301369863,89.6867,89.6867,0.00896867,0.014947783333333334,0.9797318026621379,0.9579131742256979,0.9587023216622143,0.9797318026621379
2024-12-20,1.3068493150684932,85.0233,85.0233,0.00850233,0.014170550000000002,0.9816516453211243,0.9623068815286022,0.9629889145599008,0.9816516453211243
2025-01-16,1.2328767123287672,85.1283,85.1283,0.008512829999999999,0.014188049999999999,0.9826599824950838,0.9676373119354844,0.9681751906099033,0.9826599824950838
2025-01-29,1.1972602739726028,99.4111,99.4111,0.009941110000000001,0.016568516666666668,0.9803586285071796,0.970272241140341,0.9707332469831139,0.9803586285071796
2025-03-04,1.104109589041096,111.373,111.373,0.011137300000000001,0.018562166666666668,0.9797139220488573,0.977381121841969,0.977616724669562,0.9797139220488573
2025-03-07,1.095890410958904,161.199,161.199,0.0161199,0.0268665,0.9709864750010013,0.9780238352431572,0.9782377895392993,0.9709864750010013
2025-03-26,1.0438356164383562,133.069,133.069,0.013306899999999998,0.022178166666666665,0.9771155533649988,0.9821540780996472,0.9822239986448386,0.9771155533649988
2025-04-14,0.9917808219178083,202.193,202.193,0.020219300000000003,0.03369883333333334,0.9671304831225237,0.9863894395383708,0.9863029718408819,0.9671304831225237
2025-04-15,0.989041095890411,190.31,190.31,0.019031,0.031718333333333334,0.9691162210108412,0.9866153175074606,0.9865202661243618,0.9691162210108412
2025-04-28,0.9534246575342465,193.893,193.893,0.0193893,0.032315500000000004,0.9696594083844162,0.9895791156557809,0.9893691837978482,0.9696594083844162
2025-04-29,0.9506849315068493,178.868,178.868,0.017886799999999998,0.029811333333333332,0.9720566586891071,0.9898092211450866,0.9895901961146448,0.9720566586891071
2025-04-30,0.947945205479452,193.059,193.059,0.0193059,0.032176500000000004,0.9699589199930855,0.9900396317213609,0.9898114764936466,0.9699589199930855
2025-05-02,0.9424657534246575,151.505,151.505,0.015150499999999999,0.025250833333333333,0.9764828948025416,0.9905013698122709,0.990254842774759,0.9764828948025416
2025-05-05,0.9342465753424658,165.299,165.299,0.0165299,0.027549833333333336,0.9745900699776997,0.9911962756001492,0.9909219110271041,0.9745900699776997
2025-05-12,0.915068493150685,128.056,128.056,0.0128056,0.02134266666666667,0.9806594731719572,0.9928285085947384,0.9924878718984893,0.9806594731719572
2025-05-13,0.9123287671232877,144.962,144.962,0.014496199999999999,0.024160333333333332,0.9781989863442895,0.9930629236611825,0.9927126676354884,0.9781989863442895
2025-05-14,0.9095890410958904,132.672,132.672,0.0132672,0.022112,0.980088080910043,0.9932976497364031,0.9929377361494277,0.980088080910043
2025-05-22,0.8876712328767123,136.334,136.334,0.0136334,0.022722333333333334,0.9800320912856326,0.9951867060608437,0.994748145115708,0.9800320912856326
2025-06-02,0.8575342465753425,117.277,117.277,0.0117277,0.01954616666666667,0.9833781851831324,0.9978171087535117,0.9972663202500073,0.9833781851831324
2025-06-27,0.7890410958904109,147.263,147.263,0.014726300000000001,0.024543833333333338,0.9808202249415596,1.0,1.0031160311166873,0.9808202249415596
2025-07-01,0.7780821917808219,124.352,124.352,0.0124352,0.020725333333333335,0.9840033152437684,1.0,1.0040685734461274,0.9840033152437684
2025-07-08,0.7589041095890411,132.818,132.818,0.013281800000000002,0.022136333333333338,0.9833409679418111,1.0,1.0057466995090676,0.9833409679418111
2025-07-16,0.736986301369863,113.31,113.31,0.011331,0.018885000000000002,0.9861784210861354,1.0,1.0076821146469266,0.9861784210861354
2025-08-28,0.6191780821917808,81.3715,81.3715,0.00813715,0.013561916666666667,0.9916379168004469,1.0,1.0184136777859214,0.9916379168004469
2025-09-18,0.5616438356164384,83.7145,83.7145,0.00837145,0.013952416666666669,0.9921943348542176,1.0,1.023862252841908,0.9921943348542176
2025-09-23,0.547945205479452,90.6029,90.6029,0.00906029,0.015100483333333335,0.9917598998414915,1.0,1.0251801929390454,0.9917598998414915
2025-09-29,0.5315068493150685,88.5849,88.5849,0.00885849,0.01476415,0.992183462412022,1.0,1.0267723504338726,0.992183462412022
2025-09-30,0.5287671232876713,82.3963,82.3963,0.00823963,0.013732716666666667,0.9927648912465423,1.0,1.0270388430126254,0.9927648912465423
